<?xml version="1.0" encoding="UTF-8"?>
<ivy-module version="1.0" xmlns:m="http://ant.apache.org/ivy/maven">
	<info organisation="org.hibernate.validator"
		module="hibernate-validator-parent"
		revision="6.0.12.Final"
		status="release"
		publication="20180810214137"
	>
		<license name="Apache License 2.0" url="http://www.apache.org/licenses/LICENSE-2.0.txt" />
		<description homepage="http://hibernate.org/validator">
		Aggregator of the Hibernate Validator modules.
		</description>
		<m:dependency.management__org.hibernate.validator__hibernate-validator-modules__version>6.0.12.Final</m:dependency.management__org.hibernate.validator__hibernate-validator-modules__version>
		<m:properties__groovy.version>2.4.12</m:properties__groovy.version>
		<m:properties__wildfly-core.version>4.0.0.Final</m:properties__wildfly-core.version>
		<m:properties__javax.el.version>3.0.1-b09</m:properties__javax.el.version>
		<m:properties__forbiddenapis-junit.path>forbidden-junit.txt</m:properties__forbiddenapis-junit.path>
		<m:properties__hibernate-validator.module-name>org.hibernate.validator</m:properties__hibernate-validator.module-name>
		<m:properties__junit.version>4.12</m:properties__junit.version>
		<m:properties__testng.version>6.8</m:properties__testng.version>
		<m:properties__javamoney.api-docs.base-url>http://javamoney.github.io/apidocs</m:properties__javamoney.api-docs.base-url>
		<m:properties__hibernate-validator.bundle-name>org.hibernate.validator.hibernate-validator</m:properties__hibernate-validator.bundle-name>
		<m:properties__spring-expression.version>4.3.10.RELEASE</m:properties__spring-expression.version>
		<m:dependency.management__org.jboss.logging__jboss-logging__version>3.3.2.Final</m:dependency.management__org.jboss.logging__jboss-logging__version>
		<m:dependency.management__org.hibernate.validator__hibernate-validator-annotation-processor__version>6.0.12.Final</m:dependency.management__org.hibernate.validator__hibernate-validator-annotation-processor__version>
		<m:properties__javax-money.version>1.0.1</m:properties__javax-money.version>
		<m:properties__wildfly-tck.version>${wildfly.version}</m:properties__wildfly-tck.version>
		<m:properties__wildfly-maven-plugin.version>1.2.1.Final</m:properties__wildfly-maven-plugin.version>
		<m:properties__project.reporting.outputEncoding>UTF-8</m:properties__project.reporting.outputEncoding>
		<m:dependency.management__org.hibernate.validator__hibernate-validator__version>6.0.12.Final</m:dependency.management__org.hibernate.validator__hibernate-validator__version>
		<m:properties__cdi-api.version>2.0</m:properties__cdi-api.version>
		<m:properties__easymock.version>3.4</m:properties__easymock.version>
		<m:properties__java.api-docs.base-url>http://docs.oracle.com/javase/8/docs/api</m:properties__java.api-docs.base-url>
		<m:properties__forbiddenapis.jdk.target>10</m:properties__forbiddenapis.jdk.target>
		<m:properties__wildfly-patch-gen-maven-plugin.version>2.0.1.Final</m:properties__wildfly-patch-gen-maven-plugin.version>
		<m:properties__bv.api-docs.base-url>http://docs.jboss.org/hibernate/beanvalidation/spec/2.0/api</m:properties__bv.api-docs.base-url>
		<m:dependency.management__org.jboss.logging__jboss-logging-annotations__version>2.1.0.Final</m:dependency.management__org.jboss.logging__jboss-logging-annotations__version>
		<m:properties__hibernate-validator-parent.path>.</m:properties__hibernate-validator-parent.path>
		<m:properties__paranamer.version>2.8</m:properties__paranamer.version>
		<m:properties__version.org.openjfx>11-ea+19</m:properties__version.org.openjfx>
		<m:dependency.management__junit__junit__version>4.12</m:dependency.management__junit__junit__version>
		<m:dependency.management__log4j__log4j__version>1.2.17</m:dependency.management__log4j__log4j__version>
		<m:properties__wildfly-secondary.version>13.0.0.Final</m:properties__wildfly-secondary.version>
		<m:dependency.management__org.jboss.arquillian.container__arquillian-weld-se-embedded-1.1__version>1.0.0.Final</m:dependency.management__org.jboss.arquillian.container__arquillian-weld-se-embedded-1.1__version>
		<m:properties__payara-arquillian.version>1.0.Beta3</m:properties__payara-arquillian.version>
		<m:properties__arquillian.version>1.1.11.Final</m:properties__arquillian.version>
		<m:dependency.management__org.hibernate.validator__hibernate-validator-test-utils__version>6.0.12.Final</m:dependency.management__org.hibernate.validator__hibernate-validator-test-utils__version>
		<m:properties__asciidoctorj-pdf.version>1.5.0-alpha.16</m:properties__asciidoctorj-pdf.version>
		<m:properties__weld.version>3.0.4.Final</m:properties__weld.version>
		<m:properties__wildfly-patch-gen-maven-plugin.woodstox.version>5.0.3</m:properties__wildfly-patch-gen-maven-plugin.woodstox.version>
		<m:dependency.management__org.easymock__easymock__version>3.4</m:dependency.management__org.easymock__easymock__version>
		<m:dependency.management__org.assertj__assertj-core__version>3.8.0</m:dependency.management__org.assertj__assertj-core__version>
		<m:properties__maven.compiler.target>1.8</m:properties__maven.compiler.target>
		<m:properties__previous.stable>6.0.9.Final</m:properties__previous.stable>
		<m:maven.plugins>null__maven-enforcer-plugin__3.0.0-M1|com.mycila__license-maven-plugin__null</m:maven.plugins>
		<m:dependency.management__com.google.guava__guava__version>23.0</m:dependency.management__com.google.guava__guava__version>
		<m:dependency.management__org.jboss.arquillian__arquillian-bom__scope>import</m:dependency.management__org.jboss.arquillian__arquillian-bom__scope>
		<m:properties__wildfly.version>14.0.0.Beta1</m:properties__wildfly.version>
		<m:properties__jboss-ejb-api_3.2_spec.version>1.0.1.Final</m:properties__jboss-ejb-api_3.2_spec.version>
		<m:dependency.management__org.jboss.spec.javax.ejb__jboss-ejb-api_3.2_spec__version>1.0.1.Final</m:dependency.management__org.jboss.spec.javax.ejb__jboss-ejb-api_3.2_spec__version>
		<m:properties__pax.exam.version>4.12.0</m:properties__pax.exam.version>
		<m:properties__moneta.version>1.1</m:properties__moneta.version>
		<m:properties__asciidoctorj.version>1.6.0-alpha.5</m:properties__asciidoctorj.version>
		<m:properties__jboss.logging.version>3.3.2.Final</m:properties__jboss.logging.version>
		<m:dependency.management__org.jsoup__jsoup__version>1.8.3</m:dependency.management__org.jsoup__jsoup__version>
		<m:properties__wildfly-arquillian.version>2.1.1.Final</m:properties__wildfly-arquillian.version>
		<m:dependency.management__javax.persistence__javax.persistence-api__version>2.2</m:dependency.management__javax.persistence__javax.persistence-api__version>
		<m:properties__maven.javadoc.skip>true</m:properties__maven.javadoc.skip>
		<m:properties__jsoup.version>1.8.3</m:properties__jsoup.version>
		<m:dependency.management__org.springframework__spring-expression__version>4.3.10.RELEASE</m:dependency.management__org.springframework__spring-expression__version>
		<m:dependency.management__com.fasterxml__classmate__version>1.3.4</m:dependency.management__com.fasterxml__classmate__version>
		<m:dependency.management__org.jboss.weld__weld-core-impl__version>3.0.4.Final</m:dependency.management__org.jboss.weld__weld-core-impl__version>
		<m:properties__hibernate-validator-cdi.bundle-name>org.hibernate.validator.hibernate-validator-cdi</m:properties__hibernate-validator-cdi.bundle-name>
		<m:dependency.management__org.javamoney__moneta__version>1.1</m:dependency.management__org.javamoney__moneta__version>
		<m:properties__pax.url.version>2.5.2</m:properties__pax.url.version>
		<m:dependency.management__org.glassfish__javax.el__version>3.0.1-b09</m:dependency.management__org.glassfish__javax.el__version>
		<m:properties__asciidoctor-maven-plugin.version>1.5.5</m:properties__asciidoctor-maven-plugin.version>
		<m:properties__tck.version>2.0.4.Final</m:properties__tck.version>
		<m:properties__javaee.api-docs.base-url>http://docs.oracle.com/javaee/7/api</m:properties__javaee.api-docs.base-url>
		<m:dependency.management__org.jboss.arquillian__arquillian-bom__version>1.1.11.Final</m:dependency.management__org.jboss.arquillian__arquillian-bom__version>
		<m:properties__maven-surefire-plugin.version>2.21.0</m:properties__maven-surefire-plugin.version>
		<m:properties__apache.karaf.version>4.2.0</m:properties__apache.karaf.version>
		<m:dependency.management__org.codehaus.groovy__groovy-jsr223__version>2.4.12</m:dependency.management__org.codehaus.groovy__groovy-jsr223__version>
		<m:properties__osgi-core.version>6.0.0</m:properties__osgi-core.version>
		<m:dependency.management__org.slf4j__slf4j-api__version>1.7.22</m:dependency.management__org.slf4j__slf4j-api__version>
		<m:dependency.management__org.slf4j__slf4j-log4j12__version>1.7.22</m:dependency.management__org.slf4j__slf4j-log4j12__version>
		<m:properties__hibernate-asciidoctor-extensions.version>1.0.3.Final</m:properties__hibernate-asciidoctor-extensions.version>
		<m:properties__slf4j.version>1.7.22</m:properties__slf4j.version>
		<m:properties__bv.spec.url>http://beanvalidation.org/2.0/spec/</m:properties__bv.spec.url>
		<m:dependency.management__org.testng__testng__version>6.8</m:dependency.management__org.testng__testng__version>
		<m:dependency.management__javax.annotation__javax.annotation-api__version>1.2</m:dependency.management__javax.annotation__javax.annotation-api__version>
		<m:properties__hibernate-validator-cdi.module-name>org.hibernate.validator.cdi</m:properties__hibernate-validator-cdi.module-name>
		<m:properties__jboss.logging.processor.version>2.1.0.Final</m:properties__jboss.logging.processor.version>
		<m:properties__joda-time.version>2.9.7</m:properties__joda-time.version>
		<m:properties__javafx.docs.url>http://docs.oracle.com/javase/8/javase-clienttechnologies.htm</m:properties__javafx.docs.url>
		<m:properties__javax.persistence-api.version>2.2</m:properties__javax.persistence-api.version>
		<m:dependency.management__javax.money__money-api__version>1.0.1</m:dependency.management__javax.money__money-api__version>
		<m:dependency.management__javax.enterprise__cdi-api__version>2.0</m:dependency.management__javax.enterprise__cdi-api__version>
		<m:properties__java.technotes.base-url>http://docs.oracle.com/javase/8/docs/technotes</m:properties__java.technotes.base-url>
		<m:dependency.management__com.thoughtworks.paranamer__paranamer__version>2.8</m:dependency.management__com.thoughtworks.paranamer__paranamer__version>
		<m:properties__assertj-core.version>3.8.0</m:properties__assertj-core.version>
		<m:properties__guava.version>23.0</m:properties__guava.version>
		<m:dependency.management__org.jboss.spec.javax.interceptor__jboss-interceptors-api_1.2_spec__version>1.0.0.Final</m:dependency.management__org.jboss.spec.javax.interceptor__jboss-interceptors-api_1.2_spec__version>
		<m:dependency.management__org.wildfly.arquillian__wildfly-arquillian-container-managed__version>2.1.1.Final</m:dependency.management__org.wildfly.arquillian__wildfly-arquillian-container-managed__version>
		<m:properties__payara.version>5.181</m:properties__payara.version>
		<m:properties__javax-annotation-api.version>1.2</m:properties__javax-annotation-api.version>
		<m:dependency.management__org.osgi__org.osgi.core__version>6.0.0</m:dependency.management__org.osgi__org.osgi.core__version>
		<m:properties__project.build.sourceEncoding>UTF-8</m:properties__project.build.sourceEncoding>
		<m:dependency.management__org.hibernate.validator__hibernate-validator-cdi__version>6.0.12.Final</m:dependency.management__org.hibernate.validator__hibernate-validator-cdi__version>
		<m:dependency.management__org.jboss.logging__jboss-logging-processor__version>2.1.0.Final</m:dependency.management__org.jboss.logging__jboss-logging-processor__version>
		<m:properties__hibernate-asciidoctor-theme.version>1.0.1.Final</m:properties__hibernate-asciidoctor-theme.version>
		<m:properties__classmate.version>1.3.4</m:properties__classmate.version>
		<m:properties__arquillian.wildfly.jvm.args>${arquillian.wildfly.jvm.args.add-opens} ${arquillian.wildfly.jvm.args.add-modules}</m:properties__arquillian.wildfly.jvm.args>
		<m:dependency.management__javax.validation__validation-api__version>2.0.1.Final</m:dependency.management__javax.validation__validation-api__version>
		<m:properties__jruby.version>9.1.8.0</m:properties__jruby.version>
		<m:properties__puppycrawl.checkstyle.version>8.1</m:properties__puppycrawl.checkstyle.version>
		<m:dependency.management__joda-time__joda-time__version>2.9.7</m:dependency.management__joda-time__joda-time__version>
		<m:properties__bv.api.version>2.0.1.Final</m:properties__bv.api.version>
		<m:properties__maven.compiler.source>1.8</m:properties__maven.compiler.source>
	</info>
	<configurations>
		<conf name="default" visibility="public" description="runtime dependencies and master artifact can be used with this conf" extends="runtime,master"/>
		<conf name="master" visibility="public" description="contains only the artifact published by this module itself, with no transitive dependencies"/>
		<conf name="compile" visibility="public" description="this is the default scope, used if none is specified. Compile dependencies are available in all classpaths."/>
		<conf name="provided" visibility="public" description="this is much like compile, but indicates you expect the JDK or a container to provide it. It is only available on the compilation classpath, and is not transitive."/>
		<conf name="runtime" visibility="public" description="this scope indicates that the dependency is not required for compilation, but is for execution. It is in the runtime and test classpaths, but not the compile classpath." extends="compile"/>
		<conf name="test" visibility="private" description="this scope indicates that the dependency is not required for normal use of the application, and is only available for the test compilation and execution phases." extends="runtime"/>
		<conf name="system" visibility="public" description="this scope is similar to provided except that you have to provide the JAR which contains it explicitly. The artifact is always available and is not looked up in a repository."/>
		<conf name="sources" visibility="public" description="this configuration contains the source artifact of this module, if any."/>
		<conf name="javadoc" visibility="public" description="this configuration contains the javadoc artifact of this module, if any."/>
		<conf name="optional" visibility="public" description="contains all optional dependencies"/>
	</configurations>
	<publications>
	</publications>
</ivy-module>
