<?xml version="1.0" encoding="UTF-8"?>
<ivy-module version="1.0" xmlns:m="http://ant.apache.org/ivy/maven">
	<info organisation="org.springframework"
		module="spring-webmvc"
		revision="5.0.9.RELEASE"
		status="release"
		publication="20180907193254"
	>
		<license name="Apache License, Version 2.0" url="http://www.apache.org/licenses/LICENSE-2.0" />
		<description homepage="https://github.com/spring-projects/spring-framework">
		Spring Web MVC
		</description>
	</info>
	<configurations>
		<conf name="default" visibility="public" description="runtime dependencies and master artifact can be used with this conf" extends="runtime,master"/>
		<conf name="master" visibility="public" description="contains only the artifact published by this module itself, with no transitive dependencies"/>
		<conf name="compile" visibility="public" description="this is the default scope, used if none is specified. Compile dependencies are available in all classpaths."/>
		<conf name="provided" visibility="public" description="this is much like compile, but indicates you expect the JDK or a container to provide it. It is only available on the compilation classpath, and is not transitive."/>
		<conf name="runtime" visibility="public" description="this scope indicates that the dependency is not required for compilation, but is for execution. It is in the runtime and test classpaths, but not the compile classpath." extends="compile"/>
		<conf name="test" visibility="private" description="this scope indicates that the dependency is not required for normal use of the application, and is only available for the test compilation and execution phases." extends="runtime"/>
		<conf name="system" visibility="public" description="this scope is similar to provided except that you have to provide the JAR which contains it explicitly. The artifact is always available and is not looked up in a repository."/>
		<conf name="sources" visibility="public" description="this configuration contains the source artifact of this module, if any."/>
		<conf name="javadoc" visibility="public" description="this configuration contains the javadoc artifact of this module, if any."/>
		<conf name="optional" visibility="public" description="contains all optional dependencies"/>
	</configurations>
	<publications>
		<artifact name="spring-webmvc" type="jar" ext="jar" conf="master"/>
		<artifact name="spring-webmvc" type="source" ext="jar" conf="sources" m:classifier="sources"/>
		<artifact name="spring-webmvc" type="javadoc" ext="jar" conf="javadoc" m:classifier="javadoc"/>
	</publications>
	<dependencies>
		<dependency org="com.fasterxml.jackson.core" name="jackson-databind" rev="2.9.6" force="true" conf="optional->compile(*),master(*)"/>
		<dependency org="com.fasterxml.jackson.dataformat" name="jackson-dataformat-cbor" rev="2.9.6" force="true" conf="optional->compile(*),master(*)"/>
		<dependency org="com.fasterxml.jackson.dataformat" name="jackson-dataformat-smile" rev="2.9.6" force="true" conf="optional->compile(*),master(*)"/>
		<dependency org="com.fasterxml.jackson.dataformat" name="jackson-dataformat-xml" rev="2.9.6" force="true" conf="optional->compile(*),master(*)"/>
		<dependency org="com.github.librepdf" name="openpdf" rev="1.0.5" force="true" conf="optional->compile(*),master(*)"/>
		<dependency org="com.rometools" name="rome" rev="1.9.0" force="true" conf="optional->compile(*),master(*)"/>
		<dependency org="javax.el" name="javax.el-api" rev="3.0.1-b04" force="true" conf="optional->compile(*),master(*)"/>
		<dependency org="javax.servlet.jsp.jstl" name="javax.servlet.jsp.jstl-api" rev="1.2.1" force="true" conf="optional->compile(*),master(*)"/>
		<dependency org="javax.servlet.jsp" name="javax.servlet.jsp-api" rev="2.3.2-b02" force="true" conf="optional->compile(*),master(*)"/>
		<dependency org="javax.xml.bind" name="jaxb-api" rev="2.3.0" force="true" conf="optional->compile(*),master(*)"/>
		<dependency org="org.apache.poi" name="poi-ooxml" rev="3.17" force="true" conf="optional->compile(*),master(*)"/>
		<dependency org="org.apache.tiles" name="tiles-api" rev="3.0.8" force="true" conf="optional->compile(*),master(*)">
			<exclude org="org.slf4j" module="jcl-over-slf4j" name="*" type="*" ext="*" conf="" matcher="exact"/>
		</dependency>
		<dependency org="org.apache.tiles" name="tiles-core" rev="3.0.8" force="true" conf="optional->compile(*),master(*)">
			<exclude org="org.slf4j" module="jcl-over-slf4j" name="*" type="*" ext="*" conf="" matcher="exact"/>
		</dependency>
		<dependency org="org.apache.tiles" name="tiles-el" rev="3.0.8" force="true" conf="optional->compile(*),master(*)">
			<exclude org="org.slf4j" module="jcl-over-slf4j" name="*" type="*" ext="*" conf="" matcher="exact"/>
		</dependency>
		<dependency org="org.apache.tiles" name="tiles-extras" rev="3.0.8" force="true" conf="optional->compile(*),master(*)">
			<exclude org="org.springframework" module="spring-web" name="*" type="*" ext="*" conf="" matcher="exact"/>
			<exclude org="org.slf4j" module="jcl-over-slf4j" name="*" type="*" ext="*" conf="" matcher="exact"/>
		</dependency>
		<dependency org="org.apache.tiles" name="tiles-jsp" rev="3.0.8" force="true" conf="optional->compile(*),master(*)">
			<exclude org="org.slf4j" module="jcl-over-slf4j" name="*" type="*" ext="*" conf="" matcher="exact"/>
		</dependency>
		<dependency org="org.apache.tiles" name="tiles-servlet" rev="3.0.8" force="true" conf="optional->compile(*),master(*)">
			<exclude org="org.slf4j" module="jcl-over-slf4j" name="*" type="*" ext="*" conf="" matcher="exact"/>
		</dependency>
		<dependency org="org.codehaus.groovy" name="groovy-all" rev="2.4.15" force="true" conf="optional->compile(*),master(*)"/>
		<dependency org="org.freemarker" name="freemarker" rev="2.3.27-incubating" force="true" conf="optional->compile(*),master(*)"/>
		<dependency org="org.jetbrains.kotlin" name="kotlin-reflect" rev="1.2.51" force="true" conf="optional->compile(*),master(*)"/>
		<dependency org="org.jetbrains.kotlin" name="kotlin-stdlib" rev="1.2.51" force="true" conf="optional->compile(*),master(*)"/>
		<dependency org="org.reactivestreams" name="reactive-streams" rev="1.0.2" force="true" conf="optional->compile(*),master(*)"/>
		<dependency org="org.springframework" name="spring-aop" rev="5.0.9.RELEASE" force="true" conf="compile->compile(*),master(*);runtime->runtime(*)"/>
		<dependency org="org.springframework" name="spring-beans" rev="5.0.9.RELEASE" force="true" conf="compile->compile(*),master(*);runtime->runtime(*)"/>
		<dependency org="org.springframework" name="spring-context" rev="5.0.9.RELEASE" force="true" conf="compile->compile(*),master(*);runtime->runtime(*)"/>
		<dependency org="org.springframework" name="spring-context-support" rev="5.0.9.RELEASE" force="true" conf="optional->compile(*),master(*)"/>
		<dependency org="org.springframework" name="spring-core" rev="5.0.9.RELEASE" force="true" conf="compile->compile(*),master(*);runtime->runtime(*)"/>
		<dependency org="org.springframework" name="spring-expression" rev="5.0.9.RELEASE" force="true" conf="compile->compile(*),master(*);runtime->runtime(*)"/>
		<dependency org="org.springframework" name="spring-oxm" rev="5.0.9.RELEASE" force="true" conf="optional->compile(*),master(*)"/>
		<dependency org="org.springframework" name="spring-web" rev="5.0.9.RELEASE" force="true" conf="compile->compile(*),master(*);runtime->runtime(*)"/>
		<dependency org="org.webjars" name="webjars-locator-core" rev="0.35" force="true" conf="optional->compile(*),master(*)"/>
		<dependency org="javax.servlet" name="javax.servlet-api" rev="4.0.1" force="true" conf="provided->compile(*),provided(*),runtime(*),master(*)"/>
	</dependencies>
</ivy-module>
