<?xml version="1.0" encoding="UTF-8"?>
<ivy-module version="1.0" xmlns:m="http://ant.apache.org/ivy/maven">
	<info organisation="org.jboss.weld"
		module="weld-parent"
		revision="26"
		status="release"
		publication="20130902171846"
	>
		<license name="Apache License, Version 2.0" url="http://www.apache.org/licenses/LICENSE-2.0" />
		<description homepage="http://www.seamframework.org/Weld">
		The parent POM for Weld, specifying the build parameters
		</description>
		<m:properties__project.reporting.outputEncoding>UTF-8</m:properties__project.reporting.outputEncoding>
		<m:properties__maven.build.timestamp.format>yyyyMMdd-HHmm</m:properties__maven.build.timestamp.format>
		<m:properties__weld.docbook.version>1.1.1-Beta3</m:properties__weld.docbook.version>
		<m:properties__jboss.releases.repo.url>https://repository.jboss.org/nexus/service/local/staging/deploy/maven2/</m:properties__jboss.releases.repo.url>
		<m:properties__seam.docbook.version>1.1.0.GA</m:properties__seam.docbook.version>
		<m:properties__surefire.version>2.12.4</m:properties__surefire.version>
		<m:properties__minimum.maven.version>3.0.3</m:properties__minimum.maven.version>
		<m:properties__project.build.sourceEncoding>UTF-8</m:properties__project.build.sourceEncoding>
		<m:properties__pdf.name>${project.artifactId}.pdf</m:properties__pdf.name>
		<m:properties__compiler.version>2.5.1</m:properties__compiler.version>
		<m:properties__release.version>2.2.1</m:properties__release.version>
		<m:properties__jboss.snapshots.repo.url>https://repository.jboss.org/nexus/content/repositories/snapshots/</m:properties__jboss.snapshots.repo.url>
		<m:properties__jbossorg.docbook.version>1.1.0</m:properties__jbossorg.docbook.version>
		<m:properties__build.config.version>1</m:properties__build.config.version>
		<m:properties__checkstyle.version>2.10</m:properties__checkstyle.version>
		<m:maven.plugins>org.apache.maven.plugins__maven-source-plugin__null|org.apache.maven.plugins__maven-enforcer-plugin__null|org.codehaus.mojo__build-helper-maven-plugin__null|org.codehaus.mojo__buildnumber-maven-plugin__null|null__maven-remote-resources-plugin__1.1</m:maven.plugins>
	</info>
	<configurations>
		<conf name="default" visibility="public" description="runtime dependencies and master artifact can be used with this conf" extends="runtime,master"/>
		<conf name="master" visibility="public" description="contains only the artifact published by this module itself, with no transitive dependencies"/>
		<conf name="compile" visibility="public" description="this is the default scope, used if none is specified. Compile dependencies are available in all classpaths."/>
		<conf name="provided" visibility="public" description="this is much like compile, but indicates you expect the JDK or a container to provide it. It is only available on the compilation classpath, and is not transitive."/>
		<conf name="runtime" visibility="public" description="this scope indicates that the dependency is not required for compilation, but is for execution. It is in the runtime and test classpaths, but not the compile classpath." extends="compile"/>
		<conf name="test" visibility="private" description="this scope indicates that the dependency is not required for normal use of the application, and is only available for the test compilation and execution phases." extends="runtime"/>
		<conf name="system" visibility="public" description="this scope is similar to provided except that you have to provide the JAR which contains it explicitly. The artifact is always available and is not looked up in a repository."/>
		<conf name="sources" visibility="public" description="this configuration contains the source artifact of this module, if any."/>
		<conf name="javadoc" visibility="public" description="this configuration contains the javadoc artifact of this module, if any."/>
		<conf name="optional" visibility="public" description="contains all optional dependencies"/>
	</configurations>
	<publications>
	</publications>
</ivy-module>
