<?xml version="1.0" encoding="UTF-8"?>
<ivy-module version="1.0" xmlns:m="http://ant.apache.org/ivy/maven">
	<info organisation="org.yaml"
		module="snakeyaml"
		revision="1.19"
		status="release"
		publication="20171014171506"
	>
		<license name="Apache License, Version 2.0" url="http://www.apache.org/licenses/LICENSE-2.0.txt" />
		<description homepage="http://www.snakeyaml.org">
		YAML 1.1 parser and emitter for Java
		</description>
		<m:properties__cobertura-maven-plugin.version>2.7</m:properties__cobertura-maven-plugin.version>
		<m:properties__spring.version>3.2.17.RELEASE</m:properties__spring.version>
		<m:properties__maven-site-plugin.version>3.6</m:properties__maven-site-plugin.version>
		<m:properties__snapshot.repo.url>https://oss.sonatype.org/content/repositories/snapshots/</m:properties__snapshot.repo.url>
		<m:properties__maven.javadoc.failOnError>false</m:properties__maven.javadoc.failOnError>
		<m:properties__project.scm.id>bitbucket</m:properties__project.scm.id>
		<m:properties__project.build.sourceEncoding>UTF-8</m:properties__project.build.sourceEncoding>
		<m:properties__maven-bundle-plugin.version>3.0.1</m:properties__maven-bundle-plugin.version>
		<m:properties__maven.compiler.target>1.6</m:properties__maven.compiler.target>
		<m:properties__maven-surefire-plugin.version>2.19.1</m:properties__maven-surefire-plugin.version>
		<m:properties__release.repo.url>https://oss.sonatype.org/service/local/staging/deploy/maven2/</m:properties__release.repo.url>
		<m:maven.plugins>org.apache.maven.plugins__maven-enforcer-plugin__1.4.1|org.apache.maven.plugins__maven-compiler-plugin__3.6.0|org.apache.maven.plugins__maven-surefire-plugin__2.19.1|org.apache.maven.plugins__maven-eclipse-plugin__2.10|org.apache.maven.plugins__maven-changes-plugin__2.12.1|org.apache.maven.plugins__maven-source-plugin__3.0.1|org.apache.maven.plugins__maven-javadoc-plugin__null|com.mycila.maven-license-plugin__maven-license-plugin__1.10.b1|org.apache.felix__maven-bundle-plugin__3.0.1|null__maven-site-plugin__3.6|org.apache.maven.plugins__maven-release-plugin__2.5.3|org.sonatype.plugins__nexus-staging-maven-plugin__1.6.7</m:maven.plugins>
		<m:properties__maven.compiler.source>1.6</m:properties__maven.compiler.source>
	</info>
	<configurations>
		<conf name="default" visibility="public" description="runtime dependencies and master artifact can be used with this conf" extends="runtime,master"/>
		<conf name="master" visibility="public" description="contains only the artifact published by this module itself, with no transitive dependencies"/>
		<conf name="compile" visibility="public" description="this is the default scope, used if none is specified. Compile dependencies are available in all classpaths."/>
		<conf name="provided" visibility="public" description="this is much like compile, but indicates you expect the JDK or a container to provide it. It is only available on the compilation classpath, and is not transitive."/>
		<conf name="runtime" visibility="public" description="this scope indicates that the dependency is not required for compilation, but is for execution. It is in the runtime and test classpaths, but not the compile classpath." extends="compile"/>
		<conf name="test" visibility="private" description="this scope indicates that the dependency is not required for normal use of the application, and is only available for the test compilation and execution phases." extends="runtime"/>
		<conf name="system" visibility="public" description="this scope is similar to provided except that you have to provide the JAR which contains it explicitly. The artifact is always available and is not looked up in a repository."/>
		<conf name="sources" visibility="public" description="this configuration contains the source artifact of this module, if any."/>
		<conf name="javadoc" visibility="public" description="this configuration contains the javadoc artifact of this module, if any."/>
		<conf name="optional" visibility="public" description="contains all optional dependencies"/>
	</configurations>
	<publications>
		<artifact name="snakeyaml" type="bundle" ext="jar" conf="master"/>
		<artifact name="snakeyaml" type="source" ext="jar" conf="sources" m:classifier="sources"/>
		<artifact name="snakeyaml" type="javadoc" ext="jar" conf="javadoc" m:classifier="javadoc"/>
	</publications>
	<dependencies>
		<dependency org="junit" name="junit" rev="4.12" force="true" conf="test->runtime(*),master(*)"/>
		<dependency org="org.apache.commons" name="commons-lang3" rev="3.4" force="true" conf="test->runtime(*),master(*)"/>
		<dependency org="commons-io" name="commons-io" rev="2.5" force="true" conf="test->runtime(*),master(*)"/>
		<dependency org="org.springframework" name="spring-core" rev="3.2.17.RELEASE" force="true" conf="test->runtime(*),master(*)"/>
		<dependency org="org.springframework" name="spring-beans" rev="3.2.17.RELEASE" force="true" conf="test->runtime(*),master(*)"/>
		<dependency org="org.springframework" name="spring-context-support" rev="3.2.17.RELEASE" force="true" conf="test->runtime(*),master(*)"/>
		<dependency org="org.apache.velocity" name="velocity" rev="1.6.2" force="true" conf="test->runtime(*),master(*)"/>
		<dependency org="joda-time" name="joda-time" rev="1.6" force="true" conf="test->runtime(*),master(*)"/>
	</dependencies>
</ivy-module>
