<?xml version="1.0" encoding="UTF-8"?>
<ivy-module version="1.0" xmlns:m="http://ant.apache.org/ivy/maven">
	<info organisation="ch.qos.logback"
		module="logback-core"
		revision="1.2.3"
		status="release"
		publication="20170401005715"
	>
		<description homepage="">
		logback-core module
		</description>
		<m:properties__groovy.version>2.4.0</m:properties__groovy.version>
		<m:dependency.management__org.codehaus.janino__janino__version>3.0.6</m:dependency.management__org.codehaus.janino__janino__version>
		<m:properties__janino.version>3.0.6</m:properties__janino.version>
		<m:dependency.management__ch.qos.logback__logback-access__version>1.2.3</m:dependency.management__ch.qos.logback__logback-access__version>
		<m:dependency.management__org.fusesource.jansi__jansi__version>1.9</m:dependency.management__org.fusesource.jansi__jansi__version>
		<m:dependency.management__org.apache.tomcat__tomcat-coyote__version>8.5.9</m:dependency.management__org.apache.tomcat__tomcat-coyote__version>
		<m:dependency.management__postgresql__postgresql__version>8.4-701.jdbc4</m:dependency.management__postgresql__postgresql__version>
		<m:properties__junit.version>4.10</m:properties__junit.version>
		<m:dependency.management__ch.qos.logback__logback-classic__version>1.2.3</m:dependency.management__ch.qos.logback__logback-classic__version>
		<m:dependency.management__dom4j__dom4j__version>1.6.1</m:dependency.management__dom4j__dom4j__version>
		<m:properties__javax.mail.version>1.4</m:properties__javax.mail.version>
		<m:properties__tomcat.version>8.5.9</m:properties__tomcat.version>
		<m:dependency.management__org.codehaus.groovy__groovy-all__version>2.4.0</m:dependency.management__org.codehaus.groovy__groovy-all__version>
		<m:properties__maven.compiler.target>1.6</m:properties__maven.compiler.target>
		<m:properties__cal10n.version>0.8.1</m:properties__cal10n.version>
		<m:properties__maven-license-plugin.version>3.0</m:properties__maven-license-plugin.version>
		<m:dependency.management__mysql__mysql-connector-java__version>5.1.9</m:dependency.management__mysql__mysql-connector-java__version>
		<m:properties__jetty.version>8.2.0.v20160908</m:properties__jetty.version>
		<m:dependency.management__org.slf4j__slf4j-api__version>1.7.25</m:dependency.management__org.slf4j__slf4j-api__version>
		<m:maven.plugins>org.apache.maven.plugins__maven-source-plugin__null|org.apache.maven.plugins__maven-assembly-plugin__3.0.0|org.codehaus.mojo__findbugs-maven-plugin__null|org.apache.maven.plugins__maven-site-plugin__null|org.apache.maven.plugins__maven-source-plugin__null|org.apache.maven.plugins__maven-assembly-plugin__3.0.0|org.codehaus.mojo__findbugs-maven-plugin__null|org.apache.maven.plugins__maven-site-plugin__null|org.apache.maven.plugins__maven-surefire-plugin__null|org.apache.maven.plugins__maven-jar-plugin__null|org.apache.felix__maven-bundle-plugin__null</m:maven.plugins>
		<m:dependency.management__com.h2database__h2__version>1.2.132</m:dependency.management__com.h2database__h2__version>
		<m:properties__slf4j.version>1.7.25</m:properties__slf4j.version>
		<m:dependency.management__org.mockito__mockito-core__version>2.7.9</m:dependency.management__org.mockito__mockito-core__version>
		<m:properties__project.build.sourceEncoding>UTF-8</m:properties__project.build.sourceEncoding>
		<m:dependency.management__ch.qos.logback__logback-core__version>1.2.3</m:dependency.management__ch.qos.logback__logback-core__version>
		<m:dependency.management__javax.servlet__javax.servlet-api__version>3.1.0</m:dependency.management__javax.servlet__javax.servlet-api__version>
		<m:properties__consolePlugin.version>1.1.0</m:properties__consolePlugin.version>
		<m:dependency.management__org.eclipse.jetty__jetty-server__version>8.2.0.v20160908</m:dependency.management__org.eclipse.jetty__jetty-server__version>
		<m:properties__cobertura.maven.plugin.version>2.7</m:properties__cobertura.maven.plugin.version>
		<m:properties__javadoc.plugin.version>2.10.4</m:properties__javadoc.plugin.version>
		<m:properties__jansi.version>1.9</m:properties__jansi.version>
		<m:dependency.management__javax.mail__mail__version>1.4</m:dependency.management__javax.mail__mail__version>
		<m:dependency.management__joda-time__joda-time__version>2.9.2</m:dependency.management__joda-time__joda-time__version>
		<m:properties__maven.compiler.source>1.6</m:properties__maven.compiler.source>
		<m:dependency.management__org.hsqldb__hsqldb__version>2.3.4</m:dependency.management__org.hsqldb__hsqldb__version>
		<m:dependency.management__org.apache.tomcat__tomcat-catalina__version>8.5.9</m:dependency.management__org.apache.tomcat__tomcat-catalina__version>
	</info>
	<configurations>
		<conf name="default" visibility="public" description="runtime dependencies and master artifact can be used with this conf" extends="runtime,master"/>
		<conf name="master" visibility="public" description="contains only the artifact published by this module itself, with no transitive dependencies"/>
		<conf name="compile" visibility="public" description="this is the default scope, used if none is specified. Compile dependencies are available in all classpaths."/>
		<conf name="provided" visibility="public" description="this is much like compile, but indicates you expect the JDK or a container to provide it. It is only available on the compilation classpath, and is not transitive."/>
		<conf name="runtime" visibility="public" description="this scope indicates that the dependency is not required for compilation, but is for execution. It is in the runtime and test classpaths, but not the compile classpath." extends="compile"/>
		<conf name="test" visibility="private" description="this scope indicates that the dependency is not required for normal use of the application, and is only available for the test compilation and execution phases." extends="runtime"/>
		<conf name="system" visibility="public" description="this scope is similar to provided except that you have to provide the JAR which contains it explicitly. The artifact is always available and is not looked up in a repository."/>
		<conf name="sources" visibility="public" description="this configuration contains the source artifact of this module, if any."/>
		<conf name="javadoc" visibility="public" description="this configuration contains the javadoc artifact of this module, if any."/>
		<conf name="optional" visibility="public" description="contains all optional dependencies"/>
	</configurations>
	<publications>
		<artifact name="logback-core" type="jar" ext="jar" conf="master"/>
		<artifact name="logback-core" type="source" ext="jar" conf="sources" m:classifier="sources"/>
		<artifact name="logback-core" type="javadoc" ext="jar" conf="javadoc" m:classifier="javadoc"/>
	</publications>
	<dependencies>
		<dependency org="org.codehaus.janino" name="janino" rev="3.0.6" force="true" conf="optional->compile(*),master(*)"/>
		<dependency org="org.fusesource.jansi" name="jansi" rev="1.9" force="true" conf="optional->compile(*),master(*)"/>
		<dependency org="javax.mail" name="mail" rev="1.4" force="true" conf="optional->compile(*),master(*)"/>
		<dependency org="org.mockito" name="mockito-core" rev="2.7.9" force="true" conf="test->runtime(*),master(*)"/>
		<dependency org="javax.servlet" name="javax.servlet-api" rev="3.1.0" force="true" conf="optional->compile(*),master(*)"/>
		<dependency org="joda-time" name="joda-time" rev="2.9.2" force="true" conf="test->runtime(*),master(*)"/>
		<dependency org="junit" name="junit" rev="4.10" force="true" conf="test->runtime(*),master(*)"/>
		<dependency org="org.assertj" name="assertj-core" rev="1.7.1" force="true" conf="test->runtime(*),master(*)"/>
		<override org="org.codehaus.janino" module="janino" matcher="exact" rev="3.0.6"/>
		<override org="ch.qos.logback" module="logback-access" matcher="exact" rev="1.2.3"/>
		<override org="org.fusesource.jansi" module="jansi" matcher="exact" rev="1.9"/>
		<override org="org.apache.tomcat" module="tomcat-coyote" matcher="exact" rev="8.5.9"/>
		<override org="postgresql" module="postgresql" matcher="exact" rev="8.4-701.jdbc4"/>
		<override org="ch.qos.logback" module="logback-classic" matcher="exact" rev="1.2.3"/>
		<override org="dom4j" module="dom4j" matcher="exact" rev="1.6.1"/>
		<override org="org.codehaus.groovy" module="groovy-all" matcher="exact" rev="2.4.0"/>
		<override org="mysql" module="mysql-connector-java" matcher="exact" rev="5.1.9"/>
		<override org="org.slf4j" module="slf4j-api" matcher="exact" rev="1.7.25"/>
		<override org="com.h2database" module="h2" matcher="exact" rev="1.2.132"/>
		<override org="org.mockito" module="mockito-core" matcher="exact" rev="2.7.9"/>
		<override org="ch.qos.logback" module="logback-core" matcher="exact" rev="1.2.3"/>
		<override org="javax.servlet" module="javax.servlet-api" matcher="exact" rev="3.1.0"/>
		<override org="org.eclipse.jetty" module="jetty-server" matcher="exact" rev="8.2.0.v20160908"/>
		<override org="javax.mail" module="mail" matcher="exact" rev="1.4"/>
		<override org="joda-time" module="joda-time" matcher="exact" rev="2.9.2"/>
		<override org="org.hsqldb" module="hsqldb" matcher="exact" rev="2.3.4"/>
		<override org="org.apache.tomcat" module="tomcat-catalina" matcher="exact" rev="8.5.9"/>
	</dependencies>
</ivy-module>
