<?xml version="1.0" encoding="UTF-8"?>
<ivy-module version="1.0" xmlns:m="http://ant.apache.org/ivy/maven">
	<info organisation="com.thoughtworks.xstream"
		module="xstream-parent"
		revision="1.4.10"
		status="release"
		publication="20170523195830"
	>
		<license name="BSD style" url="http://x-stream.github.io/license.html" />
		<description homepage="http://x-stream.github.io">
		XStream is a serialization library from Java objects to XML and back.
		</description>
		<m:properties__version.plugin.maven.release>2.1</m:properties__version.plugin.maven.release>
		<m:properties__version.xom>1.1</m:properties__version.xom>
		<m:properties__version.stax>1.2.0</m:properties__version.stax>
		<m:dependency.management__dom4j__dom4j__version>1.6.1</m:dependency.management__dom4j__dom4j__version>
		<m:dependency.management__javax.activation__activation__scope>provided</m:dependency.management__javax.activation__activation__scope>
		<m:dependency.management__org.json__json__version>20080701</m:dependency.management__org.json__json__version>
		<m:properties__version.plugin.mojo.build-helper>1.5</m:properties__version.plugin.mojo.build-helper>
		<m:properties__version.commons.lang>2.4</m:properties__version.commons.lang>
		<m:properties__version.java.enforced>[1.4,)</m:properties__version.java.enforced>
		<m:dependency.management__junit__junit__scope>test</m:dependency.management__junit__junit__scope>
		<m:properties__version.javax.activation>1.1.1</m:properties__version.javax.activation>
		<m:dependency.management__stax__stax__version>1.2.0</m:dependency.management__stax__stax__version>
		<m:properties__version.plugin.mojo.cobertura>2.7</m:properties__version.plugin.mojo.cobertura>
		<m:dependency.management__org.slf4j__slf4j-simple__version>1.6.1</m:dependency.management__org.slf4j__slf4j-simple__version>
		<m:properties__version.commons.io>1.4</m:properties__version.commons.io>
		<m:dependency.management__org.slf4j__slf4j-api__scope>runtime</m:dependency.management__org.slf4j__slf4j-api__scope>
		<m:dependency.management__xom__xom__version>1.1</m:dependency.management__xom__xom__version>
		<m:properties__version.org.hibernate.envers>${version.org.hibernate.core}</m:properties__version.org.hibernate.envers>
		<m:dependency.management__com.thoughtworks.xstream__xstream-jmh__scope>provided</m:dependency.management__com.thoughtworks.xstream__xstream-jmh__scope>
		<m:dependency.management__com.megginson.sax__xml-writer__version>0.2</m:dependency.management__com.megginson.sax__xml-writer__version>
		<m:properties__version.plugin.maven.enforcer>1.4</m:properties__version.plugin.maven.enforcer>
		<m:dependency.management__cglib__cglib-nodep__version>2.2</m:dependency.management__cglib__cglib-nodep__version>
		<m:properties__version.org.codehaus.jettison>1.2</m:properties__version.org.codehaus.jettison>
		<m:properties__version.plugin.eluder.coveralls>4.2.0</m:properties__version.plugin.eluder.coveralls>
		<m:properties__version.stax.api>1.0.1</m:properties__version.stax.api>
		<m:properties__version.org.hibernate.core>4.2.5.Final</m:properties__version.org.hibernate.core>
		<m:dependency.management__xpp3__xpp3_min__version>1.1.4c</m:dependency.management__xpp3__xpp3_min__version>
		<m:dependency.management__com.thoughtworks.xstream__xstream__version>1.4.10</m:dependency.management__com.thoughtworks.xstream__xstream__version>
		<m:properties__version.plugin.maven.install>2.2</m:properties__version.plugin.maven.install>
		<m:properties__version.plugin.maven.jar>2.2</m:properties__version.plugin.maven.jar>
		<m:dependency.management__junit__junit__version>3.8.1</m:dependency.management__junit__junit__version>
		<m:properties__version.org.slf4j>1.6.1</m:properties__version.org.slf4j>
		<m:dependency.management__com.thoughtworks.xstream__xstream-hibernate__version>1.4.10</m:dependency.management__com.thoughtworks.xstream__xstream-hibernate__version>
		<m:properties__version.java.source>1.5</m:properties__version.java.source>
		<m:properties__version.plugin.maven.dependency>2.1</m:properties__version.plugin.maven.dependency>
		<m:properties__version.org.jdom2>2.0.5</m:properties__version.org.jdom2>
		<m:properties__version.plugin.felix.bundle>2.3.7</m:properties__version.plugin.felix.bundle>
		<m:dependency.management__com.thoughtworks.xstream__xstream-jmh__version>1.4.10</m:dependency.management__com.thoughtworks.xstream__xstream-jmh__version>
		<m:properties__version.org.json>20080701</m:properties__version.org.json>
		<m:maven.plugins>org.codehaus.mojo__build-helper-maven-plugin__null|org.apache.maven.plugins__maven-release-plugin__null</m:maven.plugins>
		<m:properties__version.plugin.maven.site>2.0-beta-6</m:properties__version.plugin.maven.site>
		<m:dependency.management__commons-lang__commons-lang__version>2.4</m:dependency.management__commons-lang__commons-lang__version>
		<m:dependency.management__org.jdom__jdom2__version>2.0.5</m:dependency.management__org.jdom__jdom2__version>
		<m:properties__version.org.codehaus.woodstox.asl>3.2.7</m:properties__version.org.codehaus.woodstox.asl>
		<m:dependency.management__org.slf4j__slf4j-simple__scope>runtime</m:dependency.management__org.slf4j__slf4j-simple__scope>
		<m:properties__version.plugin.maven.clean>2.2</m:properties__version.plugin.maven.clean>
		<m:dependency.management__org.hsqldb__hsqldb__version>2.2.8</m:dependency.management__org.hsqldb__hsqldb__version>
		<m:properties__version.commons.cli>1.1</m:properties__version.commons.cli>
		<m:properties__version.oro>2.0.8</m:properties__version.oro>
		<m:properties__version.com.megginson.sax.xml-writer>0.2</m:properties__version.com.megginson.sax.xml-writer>
		<m:properties__version.plugin.maven.source>2.1.2</m:properties__version.plugin.maven.source>
		<m:dependency.management__commons-cli__commons-cli__version>1.1</m:dependency.management__commons-cli__commons-cli__version>
		<m:dependency.management__org.slf4j__slf4j-api__version>1.6.1</m:dependency.management__org.slf4j__slf4j-api__version>
		<m:dependency.management__stax__stax-api__version>1.0.1</m:dependency.management__stax__stax-api__version>
		<m:properties__version.plugin.maven.surefire>2.4.3</m:properties__version.plugin.maven.surefire>
		<m:dependency.management__org.openjdk.jmh__jmh-generator-annprocess__scope>provided</m:dependency.management__org.openjdk.jmh__jmh-generator-annprocess__scope>
		<m:properties__version.plugin.maven.compiler>2.1</m:properties__version.plugin.maven.compiler>
		<m:properties__version.net.sf.kxml.kxml2>2.3.0</m:properties__version.net.sf.kxml.kxml2>
		<m:dependency.management__javassist__javassist__version>3.12.1.GA</m:dependency.management__javassist__javassist__version>
		<m:dependency.management__org.hibernate__hibernate-envers__version>4.2.5.Final</m:dependency.management__org.hibernate__hibernate-envers__version>
		<m:dependency.management__com.thoughtworks.xstream__xstream-benchmark__version>1.4.10</m:dependency.management__com.thoughtworks.xstream__xstream-benchmark__version>
		<m:properties__version.plugin.mojo.jxr>2.0-beta-1</m:properties__version.plugin.mojo.jxr>
		<m:properties__version.xpp3>1.1.4c</m:properties__version.xpp3>
		<m:dependency.management__javax.activation__activation__version>1.1.1</m:dependency.management__javax.activation__activation__version>
		<m:dependency.management__xml-apis__xml-apis__version>1.3.04</m:dependency.management__xml-apis__xml-apis__version>
		<m:dependency.management__xmlpull__xmlpull__version>1.1.3.1</m:dependency.management__xmlpull__xmlpull__version>
		<m:dependency.management__org.codehaus.jettison__jettison__version>1.2</m:dependency.management__org.codehaus.jettison__jettison__version>
		<m:dependency.management__com.thoughtworks.xstream__xstream-hibernate__scope>provided</m:dependency.management__com.thoughtworks.xstream__xstream-hibernate__scope>
		<m:dependency.management__com.thoughtworks.xstream__xstream__scope>provided</m:dependency.management__com.thoughtworks.xstream__xstream__scope>
		<m:properties__version.plugin.maven.antrun>1.1</m:properties__version.plugin.maven.antrun>
		<m:dependency.management__jmock__jmock__scope>test</m:dependency.management__jmock__jmock__scope>
		<m:properties__version.plugin.maven.gpg>1.4</m:properties__version.plugin.maven.gpg>
		<m:dependency.management__xerces__xercesImpl__version>2.8.1</m:dependency.management__xerces__xercesImpl__version>
		<m:properties__version.java.target>1.5</m:properties__version.java.target>
		<m:properties__version.plugin.codehaus.xsite>1.2.1</m:properties__version.plugin.codehaus.xsite>
		<m:dependency.management__org.openjdk.jmh__jmh-generator-annprocess__version>1.19</m:dependency.management__org.openjdk.jmh__jmh-generator-annprocess__version>
		<m:properties__version.plugin.maven.javadoc>2.10</m:properties__version.plugin.maven.javadoc>
		<m:dependency.management__commons-io__commons-io__version>1.4</m:dependency.management__commons-io__commons-io__version>
		<m:properties__version.cglib.nodep>2.2</m:properties__version.cglib.nodep>
		<m:properties__version.xml-apis>1.3.04</m:properties__version.xml-apis>
		<m:properties__version.jmock>1.0.1</m:properties__version.jmock>
		<m:properties__version.dom4j>1.6.1</m:properties__version.dom4j>
		<m:properties__version.junit>3.8.1</m:properties__version.junit>
		<m:properties__version.org.apache.maven.wagon.webdev>1.0-beta-2</m:properties__version.org.apache.maven.wagon.webdev>
		<m:dependency.management__com.thoughtworks.xstream__xstream-benchmark__scope>provided</m:dependency.management__com.thoughtworks.xstream__xstream-benchmark__scope>
		<m:dependency.management__org.hibernate__hibernate-core__version>4.2.5.Final</m:dependency.management__org.hibernate__hibernate-core__version>
		<m:properties__version.javaassist>3.12.1.GA</m:properties__version.javaassist>
		<m:dependency.management__net.sf.kxml__kxml2-min__version>2.3.0</m:dependency.management__net.sf.kxml__kxml2-min__version>
		<m:properties__version.xmlpull>1.1.3.1</m:properties__version.xmlpull>
		<m:dependency.management__net.sf.kxml__kxml2__version>2.3.0</m:dependency.management__net.sf.kxml__kxml2__version>
		<m:dependency.management__jmock__jmock__version>1.0.1</m:dependency.management__jmock__jmock__version>
		<m:properties__version.org.openjdk.jmh>1.19</m:properties__version.org.openjdk.jmh>
		<m:dependency.management__org.openjdk.jmh__jmh-core__version>1.19</m:dependency.management__org.openjdk.jmh__jmh-core__version>
		<m:properties__version.joda-time>1.6</m:properties__version.joda-time>
		<m:properties__version.plugin.maven.assembly>2.1</m:properties__version.plugin.maven.assembly>
		<m:dependency.management__org.jdom__jdom__version>1.1.3</m:dependency.management__org.jdom__jdom__version>
		<m:properties__version.xerces.impl>2.8.1</m:properties__version.xerces.impl>
		<m:properties__version.org.jdom>1.1.3</m:properties__version.org.jdom>
		<m:properties__project.build.sourceEncoding>UTF-8</m:properties__project.build.sourceEncoding>
		<m:properties__version.plugin.maven.resources>2.2</m:properties__version.plugin.maven.resources>
		<m:properties__link.javadoc.javase>http://docs.oracle.com/javase/8/docs/api/</m:properties__link.javadoc.javase>
		<m:dependency.management__joda-time__joda-time__version>1.6</m:dependency.management__joda-time__joda-time__version>
		<m:properties__version.hsqldb>2.2.8</m:properties__version.hsqldb>
		<m:properties__version.plugin.maven.deploy>2.3</m:properties__version.plugin.maven.deploy>
		<m:dependency.management__org.codehaus.woodstox__wstx-asl__version>3.2.7</m:dependency.management__org.codehaus.woodstox__wstx-asl__version>
		<m:dependency.management__oro__oro__version>2.0.8</m:dependency.management__oro__oro__version>
	</info>
	<configurations>
		<conf name="default" visibility="public" description="runtime dependencies and master artifact can be used with this conf" extends="runtime,master"/>
		<conf name="master" visibility="public" description="contains only the artifact published by this module itself, with no transitive dependencies"/>
		<conf name="compile" visibility="public" description="this is the default scope, used if none is specified. Compile dependencies are available in all classpaths."/>
		<conf name="provided" visibility="public" description="this is much like compile, but indicates you expect the JDK or a container to provide it. It is only available on the compilation classpath, and is not transitive."/>
		<conf name="runtime" visibility="public" description="this scope indicates that the dependency is not required for compilation, but is for execution. It is in the runtime and test classpaths, but not the compile classpath." extends="compile"/>
		<conf name="test" visibility="private" description="this scope indicates that the dependency is not required for normal use of the application, and is only available for the test compilation and execution phases." extends="runtime"/>
		<conf name="system" visibility="public" description="this scope is similar to provided except that you have to provide the JAR which contains it explicitly. The artifact is always available and is not looked up in a repository."/>
		<conf name="sources" visibility="public" description="this configuration contains the source artifact of this module, if any."/>
		<conf name="javadoc" visibility="public" description="this configuration contains the javadoc artifact of this module, if any."/>
		<conf name="optional" visibility="public" description="contains all optional dependencies"/>
	</configurations>
	<publications>
	</publications>
</ivy-module>
