<?xml version="1.0" encoding="UTF-8"?>
<ivy-module version="1.0" xmlns:m="http://ant.apache.org/ivy/maven">
	<info organisation="com.sun.xml.bind"
		module="jaxb-impl"
		revision="2.2.11"
		status="release"
		publication="20141010164157"
	>
		<description homepage="">
		Old JAXB Runtime module. Contains sources required for runtime processing.
		</description>
		<m:properties__netbeans.hint.jdkPlatform>JDK_1.6</m:properties__netbeans.hint.jdkPlatform>
		<m:dependency.management__org.glassfish.jaxb__jaxb-xjc__version>2.2.11</m:dependency.management__org.glassfish.jaxb__jaxb-xjc__version>
		<m:properties__relaxngDatatype.version>20020414</m:properties__relaxngDatatype.version>
		<m:dependency.management__com.sun.istack__istack-commons-runtime__version>2.21</m:dependency.management__com.sun.istack__istack-commons-runtime__version>
		<m:properties__junit.version>4.11</m:properties__junit.version>
		<m:dependency.management__org.glassfish.jaxb__jaxb-jxc__version>2.2.11</m:dependency.management__org.glassfish.jaxb__jaxb-jxc__version>
		<m:properties__jaxb-api.version>2.2.12-b140109.1041</m:properties__jaxb-api.version>
		<m:dependency.management__net.java.dev.msv__xsdlib__version>2013.6.1</m:dependency.management__net.java.dev.msv__xsdlib__version>
		<m:properties__exam.version>3.0.0.M3</m:properties__exam.version>
		<m:properties__dtd-parser.version>1.1</m:properties__dtd-parser.version>
		<m:properties__findbugs.version>2.5.2</m:properties__findbugs.version>
		<m:dependency.management__org.apache.ant__ant__version>1.9.0</m:dependency.management__org.apache.ant__ant__version>
		<m:dependency.management__com.google.code.javaparser__javaparser__version>1.0.8</m:dependency.management__com.google.code.javaparser__javaparser__version>
		<m:dependency.management__junit__junit__scope>test</m:dependency.management__junit__junit__scope>
		<m:properties__findbugs.threshold>High</m:properties__findbugs.threshold>
		<m:properties__findbugs.skip>true</m:properties__findbugs.skip>
		<m:properties__generated.sources.dir>${project.build.directory}/generated-sources</m:properties__generated.sources.dir>
		<m:dependency.management__org.glassfish.jaxb__jaxb-core__version>2.2.11</m:dependency.management__org.glassfish.jaxb__jaxb-core__version>
		<m:dependency.management__com.sun.xml.bind__jaxb-jxc__version>2.2.11</m:dependency.management__com.sun.xml.bind__jaxb-jxc__version>
		<m:dependency.management__org.jvnet.staxex__stax-ex__version>1.7.7</m:dependency.management__org.jvnet.staxex__stax-ex__version>
		<m:dependency.management__com.sun.xml.bind__jaxb-osgi__version>2.2.11</m:dependency.management__com.sun.xml.bind__jaxb-osgi__version>
		<m:dependency.management__com.sun.xml.dtd-parser__dtd-parser__version>1.1</m:dependency.management__com.sun.xml.dtd-parser__dtd-parser__version>
		<m:dependency.management__com.sun.xml.bind__jaxb-impl__version>2.2.11</m:dependency.management__com.sun.xml.bind__jaxb-impl__version>
		<m:dependency.management__com.sun.xml.bind.jaxb__isorelax__version>20090621</m:dependency.management__com.sun.xml.bind.jaxb__isorelax__version>
		<m:properties__ant.version>1.9.0</m:properties__ant.version>
		<m:properties__isorelax.version>20090621</m:properties__isorelax.version>
		<m:dependency.management__com.google.code.javaparser__javaparser__scope>test</m:dependency.management__com.google.code.javaparser__javaparser__scope>
		<m:dependency.management__com.sun.xml.bind__jaxb-core__version>2.2.11</m:dependency.management__com.sun.xml.bind__jaxb-core__version>
		<m:dependency.management__com.sun.istack__istack-commons-tools__version>2.21</m:dependency.management__com.sun.istack__istack-commons-tools__version>
		<m:dependency.management__junit__junit__version>4.11</m:dependency.management__junit__junit__version>
		<m:properties__generated.classes.dir>${project.build.directory}/classes</m:properties__generated.classes.dir>
		<m:dependency.management__com.sun.xml.bind__jaxb-xjc__version>2.2.11</m:dependency.management__com.sun.xml.bind__jaxb-xjc__version>
		<m:properties__javadoc.links.dir>${user.dir}/tools/javadoc-link</m:properties__javadoc.links.dir>
		<m:dependency.management__com.sun.xml.fastinfoset__FastInfoset__version>1.2.13</m:dependency.management__com.sun.xml.fastinfoset__FastInfoset__version>
		<m:properties__skipSources>true</m:properties__skipSources>
		<m:dependency.management__net.java.dev.msv__msv-core__version>2013.6.1</m:dependency.management__net.java.dev.msv__msv-core__version>
		<m:dependency.management__javax.xml.bind__jaxb-api__version>2.2.12-b140109.1041</m:dependency.management__javax.xml.bind__jaxb-api__version>
		<m:properties__stax-ex.version>1.7.7</m:properties__stax-ex.version>
		<m:dependency.management__com.sun.xml.bind.external__rngom__version>2.2.11</m:dependency.management__com.sun.xml.bind.external__rngom__version>
		<m:properties__fastinfoset.version>1.2.13</m:properties__fastinfoset.version>
		<m:properties__istack.version>2.21</m:properties__istack.version>
		<m:dependency.management__org.glassfish.jaxb__jaxb-runtime__version>2.2.11</m:dependency.management__org.glassfish.jaxb__jaxb-runtime__version>
		<m:properties__findbugs.common>exclude-common.xml</m:properties__findbugs.common>
		<m:properties__xsom.version>20140925</m:properties__xsom.version>
		<m:maven.plugins>org.codehaus.mojo__build-helper-maven-plugin__null|null__maven-enforcer-plugin__1.0.1|null__maven-site-plugin__null|org.codehaus.mojo__buildnumber-maven-plugin__null|org.glassfish.build__gfnexus-maven-plugin__null|org.codehaus.mojo__build-helper-maven-plugin__null|null__maven-enforcer-plugin__1.0.1|null__maven-site-plugin__null|org.codehaus.mojo__buildnumber-maven-plugin__null|org.glassfish.build__gfnexus-maven-plugin__null|org.codehaus.mojo__build-helper-maven-plugin__null|null__maven-enforcer-plugin__1.0.1|null__maven-site-plugin__null|org.codehaus.mojo__buildnumber-maven-plugin__null|org.glassfish.build__gfnexus-maven-plugin__null|org.codehaus.mojo__build-helper-maven-plugin__null|null__maven-enforcer-plugin__1.0.1|null__maven-site-plugin__null|org.codehaus.mojo__buildnumber-maven-plugin__null|org.glassfish.build__gfnexus-maven-plugin__null|org.apache.felix__maven-bundle-plugin__null|null__maven-jar-plugin__null|null__maven-dependency-plugin__null|org.codehaus.mojo__build-helper-maven-plugin__null|null__maven-shade-plugin__null|org.apache.maven.plugins__maven-surefire-plugin__2.13</m:maven.plugins>
		<m:properties__msv.version>2013.6.1</m:properties__msv.version>
		<m:properties__args4j.version>1.0</m:properties__args4j.version>
		<m:dependency.management__xmlunit__xmlunit__version>1.3</m:dependency.management__xmlunit__xmlunit__version>
		<m:dependency.management__com.sun.xml.bind__jaxb-extra-osgi__version>2.2.11</m:dependency.management__com.sun.xml.bind__jaxb-extra-osgi__version>
		<m:properties__project.build.sourceEncoding>UTF-8</m:properties__project.build.sourceEncoding>
		<m:dependency.management__args4j__args4j__version>1.0</m:dependency.management__args4j__args4j__version>
		<m:dependency.management__com.sun__tools__scope>system</m:dependency.management__com.sun__tools__scope>
		<m:dependency.management__com.sun__tools__version>1.6</m:dependency.management__com.sun__tools__version>
		<m:dependency.management__xmlunit__xmlunit__scope>test</m:dependency.management__xmlunit__xmlunit__scope>
		<m:dependency.management__relaxngDatatype__relaxngDatatype__version>20020414</m:dependency.management__relaxngDatatype__relaxngDatatype__version>
		<m:properties__endorsed.dir>${project.build.directory}/endorsed</m:properties__endorsed.dir>
		<m:dependency.management__com.sun.xsom__xsom__version>20140925</m:dependency.management__com.sun.xsom__xsom__version>
		<m:properties__jvnetDistMgmtSnapshotsUrl>https://maven.java.net/content/repositories/snapshots/</m:properties__jvnetDistMgmtSnapshotsUrl>
	</info>
	<configurations>
		<conf name="default" visibility="public" description="runtime dependencies and master artifact can be used with this conf" extends="runtime,master"/>
		<conf name="master" visibility="public" description="contains only the artifact published by this module itself, with no transitive dependencies"/>
		<conf name="compile" visibility="public" description="this is the default scope, used if none is specified. Compile dependencies are available in all classpaths."/>
		<conf name="provided" visibility="public" description="this is much like compile, but indicates you expect the JDK or a container to provide it. It is only available on the compilation classpath, and is not transitive."/>
		<conf name="runtime" visibility="public" description="this scope indicates that the dependency is not required for compilation, but is for execution. It is in the runtime and test classpaths, but not the compile classpath." extends="compile"/>
		<conf name="test" visibility="private" description="this scope indicates that the dependency is not required for normal use of the application, and is only available for the test compilation and execution phases." extends="runtime"/>
		<conf name="system" visibility="public" description="this scope is similar to provided except that you have to provide the JAR which contains it explicitly. The artifact is always available and is not looked up in a repository."/>
		<conf name="sources" visibility="public" description="this configuration contains the source artifact of this module, if any."/>
		<conf name="javadoc" visibility="public" description="this configuration contains the javadoc artifact of this module, if any."/>
		<conf name="optional" visibility="public" description="contains all optional dependencies"/>
	</configurations>
	<publications>
		<artifact name="jaxb-impl" type="jar" ext="jar" conf="master"/>
		<artifact name="jaxb-impl" type="source" ext="jar" conf="sources" m:classifier="sources"/>
		<artifact name="jaxb-impl" type="javadoc" ext="jar" conf="javadoc" m:classifier="javadoc"/>
	</publications>
	<dependencies>
		<dependency org="org.glassfish.jaxb" name="jaxb-runtime" rev="2.2.11" force="true" conf="optional->compile(*),master(*)"/>
		<dependency org="junit" name="junit" rev="4.11" force="true" conf="test->runtime(*),master(*)"/>
		<dependency org="org.osgi" name="org.osgi.core" rev="4.2.0" force="true" conf="test->runtime(*),master(*)"/>
		<dependency org="org.glassfish.hk2.external" name="javax.inject" rev="2.1.64" force="true" conf="test->runtime(*),master(*)"/>
		<dependency org="org.ops4j.pax.exam" name="pax-exam-container-paxrunner" rev="3.0.0.M3" force="true" conf="test->runtime(*),master(*)">
			<exclude org="org.ops4j.base" module="ops4j-base-store" name="*" type="*" ext="*" conf="" matcher="exact"/>
		</dependency>
		<dependency org="org.ops4j.base" name="ops4j-base-store" rev="1.3.0" force="true" conf="test->runtime(*),master(*)">
			<exclude org="org.slf4j" module="slf4j-api" name="*" type="*" ext="*" conf="" matcher="exact"/>
		</dependency>
		<dependency org="org.ops4j.pax.runner" name="pax-runner-no-jcl" rev="1.7.6" force="true" conf="test->runtime(*),master(*)"/>
		<dependency org="org.ops4j.pax.exam" name="pax-exam-junit4" rev="3.0.0.M3" force="true" conf="test->runtime(*),master(*)"/>
		<dependency org="org.ops4j.pax.exam" name="pax-exam-link-mvn" rev="3.0.0.M3" force="true" conf="test->runtime(*),master(*)"/>
		<dependency org="ch.qos.logback" name="logback-core" rev="0.9.29" force="true" conf="test->runtime(*),master(*)"/>
		<dependency org="ch.qos.logback" name="logback-classic" rev="0.9.29" force="true" conf="test->runtime(*),master(*)"/>
		<override org="org.glassfish.jaxb" module="jaxb-xjc" matcher="exact" rev="2.2.11"/>
		<override org="com.sun.istack" module="istack-commons-runtime" matcher="exact" rev="2.21"/>
		<override org="org.glassfish.jaxb" module="jaxb-jxc" matcher="exact" rev="2.2.11"/>
		<override org="net.java.dev.msv" module="xsdlib" matcher="exact" rev="2013.6.1"/>
		<override org="org.apache.ant" module="ant" matcher="exact" rev="1.9.0"/>
		<override org="com.google.code.javaparser" module="javaparser" matcher="exact" rev="1.0.8"/>
		<override org="junit" module="junit" matcher="exact" rev="4.11"/>
		<override org="org.glassfish.jaxb" module="jaxb-core" matcher="exact" rev="2.2.11"/>
		<override org="com.sun.xml.bind" module="jaxb-jxc" matcher="exact" rev="2.2.11"/>
		<override org="org.jvnet.staxex" module="stax-ex" matcher="exact" rev="1.7.7"/>
		<override org="com.sun.xml.bind" module="jaxb-osgi" matcher="exact" rev="2.2.11"/>
		<override org="com.sun.xml.dtd-parser" module="dtd-parser" matcher="exact" rev="1.1"/>
		<override org="com.sun.xml.bind" module="jaxb-impl" matcher="exact" rev="2.2.11"/>
		<override org="com.sun.xml.bind.jaxb" module="isorelax" matcher="exact" rev="20090621"/>
		<override org="com.google.code.javaparser" module="javaparser" matcher="exact" rev="1.0.8"/>
		<override org="com.sun.xml.bind" module="jaxb-core" matcher="exact" rev="2.2.11"/>
		<override org="com.sun.istack" module="istack-commons-tools" matcher="exact" rev="2.21"/>
		<override org="junit" module="junit" matcher="exact" rev="4.11"/>
		<override org="com.sun.xml.bind" module="jaxb-xjc" matcher="exact" rev="2.2.11"/>
		<override org="com.sun.xml.fastinfoset" module="FastInfoset" matcher="exact" rev="1.2.13"/>
		<override org="net.java.dev.msv" module="msv-core" matcher="exact" rev="2013.6.1"/>
		<override org="javax.xml.bind" module="jaxb-api" matcher="exact" rev="2.2.12-b140109.1041"/>
		<override org="com.sun.xml.bind.external" module="rngom" matcher="exact" rev="2.2.11"/>
		<override org="org.glassfish.jaxb" module="jaxb-runtime" matcher="exact" rev="2.2.11"/>
		<override org="xmlunit" module="xmlunit" matcher="exact" rev="1.3"/>
		<override org="com.sun.xml.bind" module="jaxb-extra-osgi" matcher="exact" rev="2.2.11"/>
		<override org="args4j" module="args4j" matcher="exact" rev="1.0"/>
		<override org="com.sun" module="tools" matcher="exact" rev="1.6"/>
		<override org="com.sun" module="tools" matcher="exact" rev="1.6"/>
		<override org="xmlunit" module="xmlunit" matcher="exact" rev="1.3"/>
		<override org="relaxngDatatype" module="relaxngDatatype" matcher="exact" rev="20020414"/>
		<override org="com.sun.xsom" module="xsom" matcher="exact" rev="20140925"/>
	</dependencies>
</ivy-module>
