<?xml version="1.0" encoding="UTF-8"?>
<ivy-module version="1.0" xmlns:m="http://ant.apache.org/ivy/maven">
	<info organisation="javax.enterprise"
		module="cdi-api"
		revision="1.2"
		status="release"
		publication="20140411145419"
	>
		<license name="Apache License, Version 2.0" url="http://www.apache.org/licenses/LICENSE-2.0.html" />
		<description homepage="http://cdi-spec.org">
		APIs for CDI (Contexts and Dependency Injection for Java EE)
		</description>
		<m:properties__project.reporting.outputEncoding>UTF-8</m:properties__project.reporting.outputEncoding>
		<m:dependency.management__javax.interceptor__javax.interceptor-api__version>1.2</m:dependency.management__javax.interceptor__javax.interceptor-api__version>
		<m:properties__maven.build.timestamp.format>yyyyMMdd-HHmm</m:properties__maven.build.timestamp.format>
		<m:properties__weld.docbook.version>1.1.1-Beta3</m:properties__weld.docbook.version>
		<m:properties__jboss.releases.repo.url>https://repository.jboss.org/nexus/service/local/staging/deploy/maven2/</m:properties__jboss.releases.repo.url>
		<m:properties__seam.docbook.version>1.1.0.GA</m:properties__seam.docbook.version>
		<m:properties__uel.api.version>3.0.0</m:properties__uel.api.version>
		<m:properties__surefire.version>2.12.4</m:properties__surefire.version>
		<m:properties__minimum.maven.version>3.0.3</m:properties__minimum.maven.version>
		<m:properties__project.build.sourceEncoding>UTF-8</m:properties__project.build.sourceEncoding>
		<m:properties__pdf.name>${project.artifactId}.pdf</m:properties__pdf.name>
		<m:properties__compiler.version>2.5.1</m:properties__compiler.version>
		<m:properties__release.version>2.2.1</m:properties__release.version>
		<m:dependency.management__org.testng__testng__version>5.10</m:dependency.management__org.testng__testng__version>
		<m:dependency.management__javax.inject__javax.inject__version>1</m:dependency.management__javax.inject__javax.inject__version>
		<m:properties__jboss.snapshots.repo.url>https://repository.jboss.org/nexus/content/repositories/snapshots/</m:properties__jboss.snapshots.repo.url>
		<m:properties__jbossorg.docbook.version>1.1.0</m:properties__jbossorg.docbook.version>
		<m:properties__build.config.version>1</m:properties__build.config.version>
		<m:dependency.management__javax.el__javax.el-api__version>3.0.0</m:dependency.management__javax.el__javax.el-api__version>
		<m:properties__checkstyle.version>2.10</m:properties__checkstyle.version>
		<m:properties__atinject.api.version>1</m:properties__atinject.api.version>
		<m:properties__interceptor.api.version>1.2</m:properties__interceptor.api.version>
		<m:maven.plugins>org.apache.maven.plugins__maven-source-plugin__null|org.apache.maven.plugins__maven-enforcer-plugin__null|org.codehaus.mojo__build-helper-maven-plugin__null|org.codehaus.mojo__buildnumber-maven-plugin__null|null__maven-remote-resources-plugin__1.1|org.apache.maven.plugins__maven-source-plugin__null|org.apache.maven.plugins__maven-enforcer-plugin__null|org.codehaus.mojo__build-helper-maven-plugin__null|org.codehaus.mojo__buildnumber-maven-plugin__null|null__maven-remote-resources-plugin__1.1|org.apache.felix__maven-bundle-plugin__null|org.apache.maven.plugins__maven-jar-plugin__null</m:maven.plugins>
	</info>
	<configurations>
		<conf name="default" visibility="public" description="runtime dependencies and master artifact can be used with this conf" extends="runtime,master"/>
		<conf name="master" visibility="public" description="contains only the artifact published by this module itself, with no transitive dependencies"/>
		<conf name="compile" visibility="public" description="this is the default scope, used if none is specified. Compile dependencies are available in all classpaths."/>
		<conf name="provided" visibility="public" description="this is much like compile, but indicates you expect the JDK or a container to provide it. It is only available on the compilation classpath, and is not transitive."/>
		<conf name="runtime" visibility="public" description="this scope indicates that the dependency is not required for compilation, but is for execution. It is in the runtime and test classpaths, but not the compile classpath." extends="compile"/>
		<conf name="test" visibility="private" description="this scope indicates that the dependency is not required for normal use of the application, and is only available for the test compilation and execution phases." extends="runtime"/>
		<conf name="system" visibility="public" description="this scope is similar to provided except that you have to provide the JAR which contains it explicitly. The artifact is always available and is not looked up in a repository."/>
		<conf name="sources" visibility="public" description="this configuration contains the source artifact of this module, if any."/>
		<conf name="javadoc" visibility="public" description="this configuration contains the javadoc artifact of this module, if any."/>
		<conf name="optional" visibility="public" description="contains all optional dependencies"/>
	</configurations>
	<publications>
		<artifact name="cdi-api" type="jar" ext="jar" conf="master"/>
		<artifact name="cdi-api" type="source" ext="jar" conf="sources" m:classifier="sources"/>
		<artifact name="cdi-api" type="javadoc" ext="jar" conf="javadoc" m:classifier="javadoc"/>
	</publications>
	<dependencies>
		<dependency org="javax.el" name="javax.el-api" rev="3.0.0" force="true" conf="compile->compile(*),master(*);runtime->runtime(*)"/>
		<dependency org="javax.interceptor" name="javax.interceptor-api" rev="1.2" force="true" conf="compile->compile(*),master(*);runtime->runtime(*)"/>
		<dependency org="javax.inject" name="javax.inject" rev="1" force="true" conf="compile->compile(*),master(*);runtime->runtime(*)"/>
		<dependency org="org.testng" name="testng" rev="5.10" force="true" conf="test->runtime(*),master(*)">
			<artifact name="testng" type="jar" ext="jar" conf="" m:classifier="jdk15"/>
		</dependency>
		<override org="org.testng" module="testng" matcher="exact" rev="5.10"/>
		<override org="javax.inject" module="javax.inject" matcher="exact" rev="1"/>
		<override org="javax.el" module="javax.el-api" matcher="exact" rev="3.0.0"/>
		<override org="javax.interceptor" module="javax.interceptor-api" matcher="exact" rev="1.2"/>
	</dependencies>
</ivy-module>
