<?xml version="1.0" encoding="UTF-8"?>
<ivy-module version="1.0" xmlns:m="http://ant.apache.org/ivy/maven">
	<info organisation="org.springframework"
		module="spring-web"
		revision="5.0.9.RELEASE"
		status="release"
		publication="20180907192204"
	>
		<license name="Apache License, Version 2.0" url="http://www.apache.org/licenses/LICENSE-2.0" />
		<description homepage="https://github.com/spring-projects/spring-framework">
		Spring Web
		</description>
	</info>
	<configurations>
		<conf name="default" visibility="public" description="runtime dependencies and master artifact can be used with this conf" extends="runtime,master"/>
		<conf name="master" visibility="public" description="contains only the artifact published by this module itself, with no transitive dependencies"/>
		<conf name="compile" visibility="public" description="this is the default scope, used if none is specified. Compile dependencies are available in all classpaths."/>
		<conf name="provided" visibility="public" description="this is much like compile, but indicates you expect the JDK or a container to provide it. It is only available on the compilation classpath, and is not transitive."/>
		<conf name="runtime" visibility="public" description="this scope indicates that the dependency is not required for compilation, but is for execution. It is in the runtime and test classpaths, but not the compile classpath." extends="compile"/>
		<conf name="test" visibility="private" description="this scope indicates that the dependency is not required for normal use of the application, and is only available for the test compilation and execution phases." extends="runtime"/>
		<conf name="system" visibility="public" description="this scope is similar to provided except that you have to provide the JAR which contains it explicitly. The artifact is always available and is not looked up in a repository."/>
		<conf name="sources" visibility="public" description="this configuration contains the source artifact of this module, if any."/>
		<conf name="javadoc" visibility="public" description="this configuration contains the javadoc artifact of this module, if any."/>
		<conf name="optional" visibility="public" description="contains all optional dependencies"/>
	</configurations>
	<publications>
		<artifact name="spring-web" type="jar" ext="jar" conf="master"/>
		<artifact name="spring-web" type="source" ext="jar" conf="sources" m:classifier="sources"/>
		<artifact name="spring-web" type="javadoc" ext="jar" conf="javadoc" m:classifier="javadoc"/>
	</publications>
	<dependencies>
		<dependency org="com.caucho" name="hessian" rev="4.0.51" force="true" conf="optional->compile(*),master(*)"/>
		<dependency org="com.fasterxml.jackson.core" name="jackson-databind" rev="2.9.6" force="true" conf="optional->compile(*),master(*)"/>
		<dependency org="com.fasterxml.jackson.dataformat" name="jackson-dataformat-cbor" rev="2.9.6" force="true" conf="optional->compile(*),master(*)"/>
		<dependency org="com.fasterxml.jackson.dataformat" name="jackson-dataformat-smile" rev="2.9.6" force="true" conf="optional->compile(*),master(*)"/>
		<dependency org="com.fasterxml.jackson.dataformat" name="jackson-dataformat-xml" rev="2.9.6" force="true" conf="optional->compile(*),master(*)"/>
		<dependency org="com.fasterxml.woodstox" name="woodstox-core" rev="5.0.3" force="true" conf="optional->compile(*),master(*)">
			<exclude org="stax" module="stax-api" name="*" type="*" ext="*" conf="" matcher="exact"/>
		</dependency>
		<dependency org="com.fasterxml" name="aalto-xml" rev="1.0.0" force="true" conf="optional->compile(*),master(*)"/>
		<dependency org="com.google.code.gson" name="gson" rev="2.8.5" force="true" conf="optional->compile(*),master(*)"/>
		<dependency org="com.google.protobuf" name="protobuf-java-util" rev="3.5.1" force="true" conf="optional->compile(*),master(*)"/>
		<dependency org="com.googlecode.protobuf-java-format" name="protobuf-java-format" rev="1.4" force="true" conf="optional->compile(*),master(*)"/>
		<dependency org="com.rometools" name="rome" rev="1.9.0" force="true" conf="optional->compile(*),master(*)"/>
		<dependency org="com.squareup.okhttp3" name="okhttp" rev="3.10.0" force="true" conf="optional->compile(*),master(*)"/>
		<dependency org="commons-fileupload" name="commons-fileupload" rev="1.3.3" force="true" conf="optional->compile(*),master(*)"/>
		<dependency org="io.netty" name="netty-all" rev="4.1.29.Final" force="true" conf="optional->compile(*),master(*)"/>
		<dependency org="io.projectreactor.ipc" name="reactor-netty" rev="0.7.9.RELEASE" force="true" conf="optional->compile(*),master(*)"/>
		<dependency org="io.reactivex.rxjava2" name="rxjava" rev="2.1.17" force="true" conf="optional->compile(*),master(*)"/>
		<dependency org="io.reactivex" name="rxjava" rev="1.3.8" force="true" conf="optional->compile(*),master(*)"/>
		<dependency org="io.reactivex" name="rxjava-reactive-streams" rev="1.2.1" force="true" conf="optional->compile(*),master(*)"/>
		<dependency org="io.undertow" name="undertow-core" rev="1.4.25.Final" force="true" conf="optional->compile(*),master(*)"/>
		<dependency org="javax.el" name="javax.el-api" rev="3.0.1-b04" force="true" conf="optional->compile(*),master(*)"/>
		<dependency org="javax.faces" name="javax.faces-api" rev="2.2" force="true" conf="optional->compile(*),master(*)"/>
		<dependency org="javax.json.bind" name="javax.json.bind-api" rev="1.0" force="true" conf="optional->compile(*),master(*)"/>
		<dependency org="javax.mail" name="javax.mail-api" rev="1.6.1" force="true" conf="optional->compile(*),master(*)"/>
		<dependency org="javax.servlet.jsp" name="javax.servlet.jsp-api" rev="2.3.2-b02" force="true" conf="optional->compile(*),master(*)"/>
		<dependency org="javax.servlet" name="javax.servlet-api" rev="3.1.0" force="true" conf="optional->compile(*),master(*)"/>
		<dependency org="javax.validation" name="validation-api" rev="1.1.0.Final" force="true" conf="optional->compile(*),master(*)"/>
		<dependency org="javax.xml.bind" name="jaxb-api" rev="2.3.0" force="true" conf="optional->compile(*),master(*)"/>
		<dependency org="javax.xml.ws" name="jaxws-api" rev="2.3.0" force="true" conf="optional->compile(*),master(*)"/>
		<dependency org="org.apache.httpcomponents" name="httpasyncclient" rev="4.1.3" force="true" conf="optional->compile(*),master(*)">
			<exclude org="commons-logging" module="commons-logging" name="*" type="*" ext="*" conf="" matcher="exact"/>
		</dependency>
		<dependency org="org.apache.httpcomponents" name="httpclient" rev="4.5.5" force="true" conf="optional->compile(*),master(*)">
			<exclude org="commons-logging" module="commons-logging" name="*" type="*" ext="*" conf="" matcher="exact"/>
		</dependency>
		<dependency org="org.apache.tomcat.embed" name="tomcat-embed-core" rev="8.5.33" force="true" conf="optional->compile(*),master(*)"/>
		<dependency org="org.codehaus.groovy" name="groovy-all" rev="2.4.15" force="true" conf="optional->compile(*),master(*)"/>
		<dependency org="org.eclipse.jetty" name="jetty-server" rev="9.4.12.v20180830" force="true" conf="optional->compile(*),master(*)">
			<exclude org="javax.servlet" module="javax.servlet-api" name="*" type="*" ext="*" conf="" matcher="exact"/>
		</dependency>
		<dependency org="org.eclipse.jetty" name="jetty-servlet" rev="9.4.12.v20180830" force="true" conf="optional->compile(*),master(*)">
			<exclude org="javax.servlet" module="javax.servlet-api" name="*" type="*" ext="*" conf="" matcher="exact"/>
		</dependency>
		<dependency org="org.glassfish.main" name="javax.jws" rev="4.0-b33" force="true" conf="optional->compile(*),master(*)"/>
		<dependency org="org.jetbrains.kotlin" name="kotlin-reflect" rev="1.2.51" force="true" conf="optional->compile(*),master(*)"/>
		<dependency org="org.jetbrains.kotlin" name="kotlin-stdlib" rev="1.2.51" force="true" conf="optional->compile(*),master(*)"/>
		<dependency org="org.springframework" name="spring-aop" rev="5.0.9.RELEASE" force="true" conf="optional->compile(*),master(*)"/>
		<dependency org="org.springframework" name="spring-beans" rev="5.0.9.RELEASE" force="true" conf="compile->compile(*),master(*);runtime->runtime(*)"/>
		<dependency org="org.springframework" name="spring-context" rev="5.0.9.RELEASE" force="true" conf="optional->compile(*),master(*)"/>
		<dependency org="org.springframework" name="spring-core" rev="5.0.9.RELEASE" force="true" conf="compile->compile(*),master(*);runtime->runtime(*)"/>
		<dependency org="org.springframework" name="spring-oxm" rev="5.0.9.RELEASE" force="true" conf="optional->compile(*),master(*)"/>
		<dependency org="org.synchronoss.cloud" name="nio-multipart-parser" rev="1.1.0" force="true" conf="optional->compile(*),master(*)"/>
	</dependencies>
</ivy-module>
