<?xml version="1.0" encoding="UTF-8"?>
<ivy-module version="1.0" xmlns:m="http://ant.apache.org/ivy/maven">
	<info organisation="org.jboss.integration-platform"
		module="jboss-integration-platform-parent"
		revision="8.0.0.CR3"
		status="release"
		publication="20171130182734"
	>
		<license name="The Apache Software License, Version 2.0" url="http://www.apache.org/licenses/LICENSE-2.0.txt" />
		<description homepage="http://www.jboss.org">
		Parent POM for SwitchYard, Drools, OptaPlanner, jBPM, Overlord, ...
		</description>
		<m:properties__version.org.jboss.logging.jboss-logging>3.3.1.Final</m:properties__version.org.jboss.logging.jboss-logging>
		<m:properties__jboss.snapshots.repo.id>jboss-snapshots-repository</m:properties__jboss.snapshots.repo.id>
		<m:properties__version.commons-dbcp>1.4</m:properties__version.commons-dbcp>
		<m:properties__version.org.owasp.encoder>1.2</m:properties__version.org.owasp.encoder>
		<m:properties__version.org.easymock>3.0</m:properties__version.org.easymock>
		<m:properties__version.org.jboss.shrinkwrap.descriptors>2.0.0-alpha-8</m:properties__version.org.jboss.shrinkwrap.descriptors>
		<m:properties__version.org.apache.cxf>3.1.10</m:properties__version.org.apache.cxf>
		<m:properties__version.org.apache.velocity.velocity-tools>2.0</m:properties__version.org.apache.velocity.velocity-tools>
		<m:properties__victims.updates>weekly</m:properties__victims.updates>
		<m:properties__version.tranql.connector>1.2</m:properties__version.tranql.connector>
		<m:properties__version.org.hsqldb>2.3.0</m:properties__version.org.hsqldb>
		<m:properties__version.org.freemarker>2.3.27-incubating</m:properties__version.org.freemarker>
		<m:properties__version.org.apache.xmlgraphics.commons>2.2</m:properties__version.org.apache.xmlgraphics.commons>
		<m:properties__version.org.eclipse.bpmn2>0.7.6-jboss</m:properties__version.org.eclipse.bpmn2>
		<m:properties__version.org.jboss.spec.javax.xml.bind.jboss-jaxb-api_2.2_spec>1.0.4.Final</m:properties__version.org.jboss.spec.javax.xml.bind.jboss-jaxb-api_2.2_spec>
		<m:properties__version.org.apache.abdera>1.1.3</m:properties__version.org.apache.abdera>
		<m:properties__version.com.google.code.gson>2.6.2</m:properties__version.com.google.code.gson>
		<m:properties__version.org.hamcrest>1.3</m:properties__version.org.hamcrest>
		<m:properties__version.injection.plugin>1.0.2</m:properties__version.injection.plugin>
		<m:properties__version.org.apache.commons.pool2>2.4.2</m:properties__version.org.apache.commons.pool2>
		<m:properties__version.org.sonatype.sisu>2.2.3</m:properties__version.org.sonatype.sisu>
		<m:properties__version.org.apache.tika>1.14</m:properties__version.org.apache.tika>
		<m:properties__version.org.jboss.spec.javax.el.jboss-el-api_3.0_spec>1.0.9.Final</m:properties__version.org.jboss.spec.javax.el.jboss-el-api_3.0_spec>
		<m:properties__version.org.apache.activemq>5.8.0</m:properties__version.org.apache.activemq>
		<m:properties__version.javax.activation>1.1.1</m:properties__version.javax.activation>
		<m:properties__version.plexus.archiver>3.5</m:properties__version.plexus.archiver>
		<m:properties__version.org.apache.pdfbox>1.8.12</m:properties__version.org.apache.pdfbox>
		<m:properties__version.xml-apis-ext>1.3.04</m:properties__version.xml-apis-ext>
		<m:properties__version.wsdl4j>1.6.3</m:properties__version.wsdl4j>
		<m:properties__version.org.apache.ws.xmlschema>2.2.1</m:properties__version.org.apache.ws.xmlschema>
		<m:properties__version.org.hibernate.javax.persistence.hibernate-jpa-2.1-api>1.0.0.Final</m:properties__version.org.hibernate.javax.persistence.hibernate-jpa-2.1-api>
		<m:properties__version.org.apache.velocity>1.7</m:properties__version.org.apache.velocity>
		<m:properties__version.org.jgroups>3.6.13.Final</m:properties__version.org.jgroups>
		<m:properties__version.xerces>2.11.0.SP5</m:properties__version.xerces>
		<m:properties__version.org.timepedia.chronoscope>2.0_jboss</m:properties__version.org.timepedia.chronoscope>
		<m:properties__version.org.codehaus.jettison>1.3.8</m:properties__version.org.codehaus.jettison>
		<m:properties__version.org.apache.xmlbeans>2.6.0</m:properties__version.org.apache.xmlbeans>
		<m:properties__version.compiler.plugin>3.7.0</m:properties__version.compiler.plugin>
		<m:properties__version.org.jboss.arquillian.container.glassfish>1.0.0.CR3</m:properties__version.org.jboss.arquillian.container.glassfish>
		<m:properties__version.org.ops4j.pax.exam>4.3.0</m:properties__version.org.ops4j.pax.exam>
		<m:properties__version.org.cobogw.gwt>1.0</m:properties__version.org.cobogw.gwt>
		<m:properties__version.org.slf4j>1.7.25</m:properties__version.org.slf4j>
		<m:properties__version.org.codehaus.groovy>2.0.5</m:properties__version.org.codehaus.groovy>
		<m:properties__version.buildnumber.plugin>1.4</m:properties__version.buildnumber.plugin>
		<m:properties__version.org.jboss.spec.javax.servlet.jstl.jboss-jstl-api_1.2_spec>1.1.3.Final</m:properties__version.org.jboss.spec.javax.servlet.jstl.jboss-jstl-api_1.2_spec>
		<m:properties__version.org.jboss.arquillian.selenium>2.46.0</m:properties__version.org.jboss.arquillian.selenium>
		<m:properties__version.com.ahome-it.lienzo.tooling.nativetools>1.0.195-RELEASE</m:properties__version.com.ahome-it.lienzo.tooling.nativetools>
		<m:properties__version.commons-vfs>1.0</m:properties__version.commons-vfs>
		<m:properties__version.org.antlr>3.5.2</m:properties__version.org.antlr>
		<m:properties__version.org.springframework>4.3.3.RELEASE</m:properties__version.org.springframework>
		<m:properties__version.org.codehaus.plexus.plexus-interpolation>1.21</m:properties__version.org.codehaus.plexus.plexus-interpolation>
		<m:properties__version.org.apache.poi>3.15</m:properties__version.org.apache.poi>
		<m:properties__version.org.jboss.osgi.metadata>2.2.0.Final</m:properties__version.org.jboss.osgi.metadata>
		<m:properties__version.org.sonatype.plexus.plexus-sec-dispatcher>1.3</m:properties__version.org.sonatype.plexus.plexus-sec-dispatcher>
		<m:properties__version.org.subethamail>1.2</m:properties__version.org.subethamail>
		<m:properties__version.mysql.connector-java>5.1.22</m:properties__version.mysql.connector-java>
		<m:properties__version.org.apache.aries.blueprint.api>1.0.1</m:properties__version.org.apache.aries.blueprint.api>
		<m:properties__version.resources.plugin>3.0.2</m:properties__version.resources.plugin>
		<m:properties__version.com.google.jsinterop>1.0.1</m:properties__version.com.google.jsinterop>
		<m:properties__version.org.json>20090211</m:properties__version.org.json>
		<m:properties__version.org.apache.httpcomponents.httpcore>4.4.6</m:properties__version.org.apache.httpcomponents.httpcore>
		<m:properties__version.com.ahome-it.lienzo.tooling.common>1.0.190-RELEASE</m:properties__version.com.ahome-it.lienzo.tooling.common>
		<m:properties__version.com.lowagie.itext>2.1.7</m:properties__version.com.lowagie.itext>
		<m:properties__version.org.jboss.spec.javax.security.jacc.jboss-jacc-api_1.5_spec>1.0.1.Final</m:properties__version.org.jboss.spec.javax.security.jacc.jboss-jacc-api_1.5_spec>
		<m:properties__version.org.jboss.staxmapper>1.3.0.Final</m:properties__version.org.jboss.staxmapper>
		<m:properties__version.jxr.plugin>2.5</m:properties__version.jxr.plugin>
		<m:properties__version.org.apache.mina>2.0.14</m:properties__version.org.apache.mina>
		<m:properties__version.postgresql>8.4-702.jdbc4</m:properties__version.postgresql>
		<m:properties__version.source.plugin>3.0.1</m:properties__version.source.plugin>
		<m:properties__version.org.jboss.spec.javax.ws.rs.jboss-jaxrs-api_2.0_spec>1.0.0.Final</m:properties__version.org.jboss.spec.javax.ws.rs.jboss-jaxrs-api_2.0_spec>
		<m:properties__version.org.apache.ws.commons.axiom>1.2.14</m:properties__version.org.apache.ws.commons.axiom>
		<m:properties__version.org.jboss.jbossts.xts>4.17.29.Final</m:properties__version.org.jboss.jbossts.xts>
		<m:properties__version.org.tukaani>1.0</m:properties__version.org.tukaani>
		<m:properties__version.org.jboss.arquillian.container.weld>1.0.0.CR5</m:properties__version.org.jboss.arquillian.container.weld>
		<m:properties__version.org.sonatype.plexus.plexus-cipher>1.7</m:properties__version.org.sonatype.plexus.plexus-cipher>
		<m:properties__version.javancss.plugin>2.1</m:properties__version.javancss.plugin>
		<m:properties__version.com.jcraft>0.1.54</m:properties__version.com.jcraft>
		<m:properties__version.jaxen>1.1.6</m:properties__version.jaxen>
		<m:properties__version.com.google.javascript.closure-compiler>r1741</m:properties__version.com.google.javascript.closure-compiler>
		<m:properties__version.org.codehaus.plexus.plexus-containers>1.6</m:properties__version.org.codehaus.plexus.plexus-containers>
		<m:properties__version.commons-io>2.5</m:properties__version.commons-io>
		<m:properties__version.org.jboss.xnio>3.5.4.Final</m:properties__version.org.jboss.xnio>
		<m:properties__version.org.jfree.jfreechart>1.0.19</m:properties__version.org.jfree.jfreechart>
		<m:properties__version.com.google.guava>20.0</m:properties__version.com.google.guava>
		<m:properties__version.org.jboss.spec.javax.ejb.jboss-ejb-api_3.2_spec>1.0.0.Final</m:properties__version.org.jboss.spec.javax.ejb.jboss-ejb-api_3.2_spec>
		<m:properties__version.org.apache.deltaspike.core>1.5.1</m:properties__version.org.apache.deltaspike.core>
		<m:properties__version.org.jboss.ws.api>1.0.3.Final</m:properties__version.org.jboss.ws.api>
		<m:properties__version.org.codehaus.woodstox>4.4.1</m:properties__version.org.codehaus.woodstox>
		<m:properties__version.org.jboss.spec.javax.servlet.jsp.jboss-jsp-api_2.3_spec>1.0.1.Final</m:properties__version.org.jboss.spec.javax.servlet.jsp.jboss-jsp-api_2.3_spec>
		<m:properties__version.org.springframework.osgi>1.2.1</m:properties__version.org.springframework.osgi>
		<m:properties__version.ear.plugin>2.10.1</m:properties__version.ear.plugin>
		<m:properties__version.javax.validation>1.1.0.Final</m:properties__version.javax.validation>
		<m:properties__version.org.codehaus.plexus.plexus-utils>3.0.22</m:properties__version.org.codehaus.plexus.plexus-utils>
		<m:properties__version.enforcer.plugin>3.0.0-M1</m:properties__version.enforcer.plugin>
		<m:properties__version.war.plugin>3.1.0</m:properties__version.war.plugin>
		<m:properties__version.org.jsoup>1.8.3</m:properties__version.org.jsoup>
		<m:properties__jdk.min.version>${maven.compiler.argument.source}</m:properties__jdk.min.version>
		<m:properties__version.org.littleshoot.littleproxy>0.5.3</m:properties__version.org.littleshoot.littleproxy>
		<m:properties__version.clean.plugin>3.0.0</m:properties__version.clean.plugin>
		<m:properties__version.com.drewnoakes.metadata-extractor>2.6.2</m:properties__version.com.drewnoakes.metadata-extractor>
		<m:properties__version.com.google.inject.guice>4.0</m:properties__version.com.google.inject.guice>
		<m:properties__version.org.timepedia.exporter>2.0.10</m:properties__version.org.timepedia.exporter>
		<m:properties__version.pir.plugin>2.9</m:properties__version.pir.plugin>
		<m:properties__version.org.hornetq>2.4.7.Final</m:properties__version.org.hornetq>
		<m:properties__version.com.allen-sauer.gwt.dnd>3.1.2</m:properties__version.com.allen-sauer.gwt.dnd>
		<m:properties__targetJdk>${maven.compiler.argument.target}</m:properties__targetJdk>
		<m:properties__version.org.subethamail.subethasmtp>3.1.6</m:properties__version.org.subethamail.subethasmtp>
		<m:properties__version.jsr94.tck>1.0.3.1</m:properties__version.jsr94.tck>
		<m:properties__version.xmlunit>1.3</m:properties__version.xmlunit>
		<m:properties__version.zanata.plugin>4.2.4</m:properties__version.zanata.plugin>
		<m:properties__version.commons-collections>3.2.2</m:properties__version.commons-collections>
		<m:properties__version.org.eclipse.m2e.lifecycle-mapping>1.0.0</m:properties__version.org.eclipse.m2e.lifecycle-mapping>
		<m:properties__version.org.eclipse.jdt.core.compiler>4.4.2</m:properties__version.org.eclipse.jdt.core.compiler>
		<m:properties__version.org.milyn>1.5.2</m:properties__version.org.milyn>
		<m:properties__version.deploy.plugin>2.8.2</m:properties__version.deploy.plugin>
		<m:properties__version.org.jboss.logging.jboss-logging-processor>2.0.1.Final</m:properties__version.org.jboss.logging.jboss-logging-processor>
		<m:properties__version.org.quartz-scheduler>1.8.5</m:properties__version.org.quartz-scheduler>
		<m:properties__version.org.jboss.remoting3>3.3.7.Final</m:properties__version.org.jboss.remoting3>
		<m:properties__version.org.wildfly.arquillian>2.0.0.Final</m:properties__version.org.wildfly.arquillian>
		<m:properties__version.exec.plugin>1.6.0</m:properties__version.exec.plugin>
		<m:properties__version.org.eclipse.emf>2.6.0.v20100614-1136</m:properties__version.org.eclipse.emf>
		<m:properties__version.org.apache.neethi>3.0.3</m:properties__version.org.apache.neethi>
		<m:properties__version.org.jboss.osgi.vfs>1.2.1.Final</m:properties__version.org.jboss.osgi.vfs>
		<m:properties__version.org.eclipse.jgit>4.4.1.201607150455-r</m:properties__version.org.eclipse.jgit>
		<m:properties__version.plexus.io>3.0.0</m:properties__version.plexus.io>
		<m:properties__version.org.sonatype.maven>1.2.1</m:properties__version.org.sonatype.maven>
		<m:properties__version.org.jboss.jboss-common-core>2.5.0.Final</m:properties__version.org.jboss.jboss-common-core>
		<m:properties__version.org.apache.xmlgraphics.batik>1.9.1</m:properties__version.org.apache.xmlgraphics.batik>
		<m:properties__version.org.jboss.jbossts.jta>4.17.29.Final</m:properties__version.org.jboss.jbossts.jta>
		<m:properties__version.checkstyle.plugin>2.17</m:properties__version.checkstyle.plugin>
		<m:properties__version.gpg.plugin>1.6</m:properties__version.gpg.plugin>
		<m:properties__version.io.takari.maven.plugins>2.8.0</m:properties__version.io.takari.maven.plugins>
		<m:properties__version.org.eclipse.sisu>0.3.2</m:properties__version.org.eclipse.sisu>
		<m:properties__downloadSources>true</m:properties__downloadSources>
		<m:properties__version.xml-apis>1.4.01</m:properties__version.xml-apis>
		<m:properties__arguments>-Pjboss-release</m:properties__arguments>
		<m:properties__version.org.hibernate>5.1.10.Final</m:properties__version.org.hibernate>
		<m:properties__maven.compiler.testTarget>${maven.compiler.target}</m:properties__maven.compiler.testTarget>
		<m:properties__version.net.jcip>1.0</m:properties__version.net.jcip>
		<m:properties__version.org.jboss.seam>3.1.0.Final</m:properties__version.org.jboss.seam>
		<m:properties__version.org.jboss.classfilewriter>1.2.1.Final</m:properties__version.org.jboss.classfilewriter>
		<m:properties__version.bundle.plugin>3.3.0</m:properties__version.bundle.plugin>
		<m:properties__version.org.apache.chemistry.opencmis>0.11.0</m:properties__version.org.apache.chemistry.opencmis>
		<m:properties__maven.min.version>3.2.5</m:properties__maven.min.version>
		<m:properties__version.org.powermock>1.6.3</m:properties__version.org.powermock>
		<m:properties__version.org.apache.aries.blueprint.noosgi>1.1.1</m:properties__version.org.apache.aries.blueprint.noosgi>
		<m:properties__version.org.apache.aries.blueprint.parser>1.4.0</m:properties__version.org.apache.aries.blueprint.parser>
		<m:properties__version.org.yaml.snakeyaml>1.17</m:properties__version.org.yaml.snakeyaml>
		<m:properties__version.org.gwtbootstrap3>0.9.3</m:properties__version.org.gwtbootstrap3>
		<m:properties__jboss.releases.repo.url>https://repository.jboss.org/nexus/service/local/staging/deploy/maven2/</m:properties__jboss.releases.repo.url>
		<m:properties__version.com.datastax.cassandra.cassandra-driver-core>1.0.0</m:properties__version.com.datastax.cassandra.cassandra-driver-core>
		<m:properties__version.io.netty>3.6.10.Final</m:properties__version.io.netty>
		<m:properties__version.javax.enterprise>1.2</m:properties__version.javax.enterprise>
		<m:properties__version.commons-fileupload>1.3.1</m:properties__version.commons-fileupload>
		<m:properties__version.org.python>2.5.3</m:properties__version.org.python>
		<m:properties__version.ognl>3.0.6</m:properties__version.ognl>
		<m:properties__version.org.apache.tomcat>6.0.32</m:properties__version.org.apache.tomcat>
		<m:properties__version.org.jboss.weld.weld>2.4.1.Final</m:properties__version.org.jboss.weld.weld>
		<m:properties__version.org.codehaus.janino>2.5.16</m:properties__version.org.codehaus.janino>
		<m:properties__version.org.jboss.ws.cxf>5.1.9.Final</m:properties__version.org.jboss.ws.cxf>
		<m:properties__version.net.sourceforge.jtds>1.2.2</m:properties__version.net.sourceforge.jtds>
		<m:properties__version.assembly.plugin>3.1.0</m:properties__version.assembly.plugin>
		<m:properties__version.com.google.gwt.gwtmockito>1.1.6</m:properties__version.com.google.gwt.gwtmockito>
		<m:properties__version.org.apache.lucene>5.3.1</m:properties__version.org.apache.lucene>
		<m:properties__version.org.glassfish>3.1.2</m:properties__version.org.glassfish>
		<m:properties__version.org.clojure>1.3.0-alpha5</m:properties__version.org.clojure>
		<m:properties__maven.compiler.source>1.8</m:properties__maven.compiler.source>
		<m:properties__version.org.jboss.seam.security>3.2.0.Final</m:properties__version.org.jboss.seam.security>
		<m:properties__version.org.jboss.spec.javax.servlet.jboss-servlet-api_3.1_spec>1.0.0.Final</m:properties__version.org.jboss.spec.javax.servlet.jboss-servlet-api_3.1_spec>
		<m:properties__version.com.sun.xml.bind>2.2.11</m:properties__version.com.sun.xml.bind>
		<m:properties__version.ch.qos.cal10n>0.8.1</m:properties__version.ch.qos.cal10n>
		<m:properties__version.de.benediktmeurer.gwt-slf4j>0.0.2</m:properties__version.de.benediktmeurer.gwt-slf4j>
		<m:properties__version.org.jboss.shrinkwrap.resolver>2.2.0</m:properties__version.org.jboss.shrinkwrap.resolver>
		<m:properties__useReleaseProfile>false</m:properties__useReleaseProfile>
		<m:properties__version.org.javassist>3.20.0-GA</m:properties__version.org.javassist>
		<m:properties__version.ch.qos.logback>1.2.3</m:properties__version.ch.qos.logback>
		<m:properties__version.org.jboss.spec.javax.resource.jboss-connector-api_1.7_spec>1.0.0.Final</m:properties__version.org.jboss.spec.javax.resource.jboss-connector-api_1.7_spec>
		<m:properties__version.org.objenesis>2.1</m:properties__version.org.objenesis>
		<m:properties__version.dependency.plugin>3.0.2</m:properties__version.dependency.plugin>
		<m:properties__maven.compiler.argument.source>${maven.compiler.source}</m:properties__maven.compiler.argument.source>
		<m:properties__version.com.miglayout>3.7.4</m:properties__version.com.miglayout>
		<m:properties__version.org.hibernate.search>5.5.8.Final</m:properties__version.org.hibernate.search>
		<m:properties__version.org.jboss.forge.roaster>2.19.4.Final</m:properties__version.org.jboss.forge.roaster>
		<m:properties__version.org.jaudiotagger>2.0.3</m:properties__version.org.jaudiotagger>
		<m:properties__version.org.hibernate.validator>5.3.5.Final</m:properties__version.org.hibernate.validator>
		<m:properties__version.cobertura.plugin>2.7</m:properties__version.cobertura.plugin>
		<m:properties__version.org.apache.commons.dbcp2>2.1.1</m:properties__version.org.apache.commons.dbcp2>
		<m:properties__version.org.scannotation>1.0.3</m:properties__version.org.scannotation>
		<m:properties__version.javax.inject>1</m:properties__version.javax.inject>
		<m:properties__project.reporting.outputEncoding>UTF-8</m:properties__project.reporting.outputEncoding>
		<m:properties__maven.compiler.argument.testSource>${maven.compiler.testSource}</m:properties__maven.compiler.argument.testSource>
		<m:properties__version.asm>3.3.1</m:properties__version.asm>
		<m:properties__version.org.apache.commons.ssl>0.3.9</m:properties__version.org.apache.commons.ssl>
		<m:properties__version.org.apache.maven.plugin-testing>2.1</m:properties__version.org.apache.maven.plugin-testing>
		<m:properties__jboss.releases.repo.id>jboss-releases-repository</m:properties__jboss.releases.repo.id>
		<m:properties__version.commons-cli>1.3.1</m:properties__version.commons-cli>
		<m:properties__version.org.eclipse.jetty>9.2.14.v20151106</m:properties__version.org.eclipse.jetty>
		<m:properties__version.org.google.gwt.visualization>1.0.2</m:properties__version.org.google.gwt.visualization>
		<m:properties__version.com.github.gwtbootstrap>2.2.1.0</m:properties__version.com.github.gwtbootstrap>
		<m:properties__version.smartgwt>2.4</m:properties__version.smartgwt>
		<m:properties__version.org.osgi>4.3.1</m:properties__version.org.osgi>
		<m:properties__version.com.google.gwt>2.5.1</m:properties__version.com.google.gwt>
		<m:properties__version.org.wildfly>10.1.0.Final</m:properties__version.org.wildfly>
		<m:properties__version.org.apache-extras.beanshell>2.0b6</m:properties__version.org.apache-extras.beanshell>
		<m:properties__version.org.apache.karaf>2.4.0</m:properties__version.org.apache.karaf>
		<m:properties__version.commons-jxpath>1.3</m:properties__version.commons-jxpath>
		<m:properties__version.org.jboss.spec.javax.jms.jboss-jms-api_2.0_spec>1.0.1.Final</m:properties__version.org.jboss.spec.javax.jms.jboss-jms-api_2.0_spec>
		<m:properties__version.site.plugin>3.6</m:properties__version.site.plugin>
		<m:properties__version.com.mchange.c3p0>0.9.2.1</m:properties__version.com.mchange.c3p0>
		<m:properties__version.javadoc.plugin>3.0.0-M1</m:properties__version.javadoc.plugin>
		<m:properties__version.archetype.plugin>3.0.1</m:properties__version.archetype.plugin>
		<m:properties__version.org.apache.httpcomponents.httpclient>4.5.3</m:properties__version.org.apache.httpcomponents.httpclient>
		<m:properties__version.org.apache.maven.wagon>3.0.0</m:properties__version.org.apache.maven.wagon>
		<m:properties__version.org.codehaus.plexus.plexus-classworlds>2.5.2</m:properties__version.org.codehaus.plexus.plexus-classworlds>
		<m:properties__version.org.apache.commons.exec>1.3</m:properties__version.org.apache.commons.exec>
		<m:properties__version.com.ahome-it.lienzo-tests>2.0.292-RELEASE</m:properties__version.com.ahome-it.lienzo-tests>
		<m:properties__version.javax.jcr>2.0</m:properties__version.javax.jcr>
		<m:properties__version.javax.mail>1.4.5</m:properties__version.javax.mail>
		<m:properties__version.buildhelper.plugin>3.0.0</m:properties__version.buildhelper.plugin>
		<m:properties__version.ejb.plugin>3.0.0</m:properties__version.ejb.plugin>
		<m:properties__version.org.apache.qpid>0.18</m:properties__version.org.apache.qpid>
		<m:properties__version.org.codehaus.btm>2.1.4</m:properties__version.org.codehaus.btm>
		<m:properties__version.org.sonatype.sisu.sisu-guice>3.2.3</m:properties__version.org.sonatype.sisu.sisu-guice>
		<m:properties__version.org.ocpsoft.prettytime>3.0.2.Final</m:properties__version.org.ocpsoft.prettytime>
		<m:properties__version.org.easytesting.fest>2.0M6</m:properties__version.org.easytesting.fest>
		<m:properties__maven.compiler.target>1.8</m:properties__maven.compiler.target>
		<m:properties__version.com.googlecode.gwt-crypto>2.3.0</m:properties__version.com.googlecode.gwt-crypto>
		<m:properties__version.org.jboss.resteasy>3.0.19.Final</m:properties__version.org.jboss.resteasy>
		<m:properties__version.org.apache.maven>3.3.9</m:properties__version.org.apache.maven>
		<m:maven.plugins>org.apache.maven.plugins__maven-enforcer-plugin__null|org.codehaus.mojo__buildnumber-maven-plugin__null|org.apache.maven.plugins__maven-source-plugin__null|org.apache.maven.plugins__maven-enforcer-plugin__null|org.codehaus.mojo__buildnumber-maven-plugin__null|org.apache.maven.plugins__maven-source-plugin__null|org.apache.maven.plugins__maven-enforcer-plugin__null</m:maven.plugins>
		<m:properties__version.com.ahome-it.lienzo-core>2.0.292-RELEASE</m:properties__version.com.ahome-it.lienzo-core>
		<m:properties__version.org.assertj>3.8.0</m:properties__version.org.assertj>
		<m:properties__version.org.antlr.ST4>4.0.7</m:properties__version.org.antlr.ST4>
		<m:properties__version.org.picketbox>5.0.2.Final</m:properties__version.org.picketbox>
		<m:properties__version.org.jruby>1.7.2</m:properties__version.org.jruby>
		<m:properties__version.shade.plugin>3.1.0</m:properties__version.shade.plugin>
		<m:properties__version.org.mvel>2.3.2.Final</m:properties__version.org.mvel>
		<m:properties__version.org.picketlink>2.5.5.SP8</m:properties__version.org.picketlink>
		<m:properties__version.org.jboss.spec.javax.annotation.jboss-annotations-api_1.2_spec>1.0.0.Final</m:properties__version.org.jboss.spec.javax.annotation.jboss-annotations-api_1.2_spec>
		<m:properties__version.rar.plugin>2.4</m:properties__version.rar.plugin>
		<m:properties__version.org.jboss.spec.javax.interceptor.jboss-interceptors-api_1.2_spec>1.0.0.Final</m:properties__version.org.jboss.spec.javax.interceptor.jboss-interceptors-api_1.2_spec>
		<m:properties__version.org.apache.ftpserver>1.0.6</m:properties__version.org.apache.ftpserver>
		<m:properties__sourceReleaseAssemblyDescriptor>source-release</m:properties__sourceReleaseAssemblyDescriptor>
		<m:properties__maven.compiler.testSource>${maven.compiler.source}</m:properties__maven.compiler.testSource>
		<m:properties__version.org.apache.sshd>0.12.0</m:properties__version.org.apache.sshd>
		<m:properties__version.com.fasterxml.jackson>2.5.4</m:properties__version.com.fasterxml.jackson>
		<m:properties__version.commons-configuration>1.6</m:properties__version.commons-configuration>
		<m:properties__version.pmd.plugin>3.8</m:properties__version.pmd.plugin>
		<m:properties__version.org.codehaus.jackson>1.9.13</m:properties__version.org.codehaus.jackson>
		<m:properties__version.checkstyle>8.2</m:properties__version.checkstyle>
		<m:properties__version.org.jboss.spec.javax.transaction.jboss-transaction-api_1.2_spec>1.0.1.Final</m:properties__version.org.jboss.spec.javax.transaction.jboss-transaction-api_1.2_spec>
		<m:properties__version.jsr94>1.1</m:properties__version.jsr94>
		<m:properties__version.org.apache.maven.plugin-tools>3.4</m:properties__version.org.apache.maven.plugin-tools>
		<m:properties__version.org.mockito>1.10.19</m:properties__version.org.mockito>
		<m:properties__version.jivesoftware.smack>3.1.0</m:properties__version.jivesoftware.smack>
		<m:properties__version.org.apache.commons.lang3>3.4</m:properties__version.org.apache.commons.lang3>
		<m:properties__version.org.google.gwt-charts>0.9.9</m:properties__version.org.google.gwt-charts>
		<m:properties__version.commons-lang>2.6</m:properties__version.commons-lang>
		<m:properties__version.org.jboss.weld.weld-api>2.4.Final</m:properties__version.org.jboss.weld.weld-api>
		<m:properties__version.commons-codec>1.10</m:properties__version.commons-codec>
		<m:properties__version.antlr>2.7.7</m:properties__version.antlr>
		<m:properties__version.license.plugin>1.14</m:properties__version.license.plugin>
		<m:properties__version.plexus.util>3.1.0</m:properties__version.plexus.util>
		<m:properties__version.commons-net>2.2</m:properties__version.commons-net>
		<m:properties__version.antrun.plugin>1.8</m:properties__version.antrun.plugin>
		<m:properties__version.org.apache.commons.math3>3.4.1</m:properties__version.org.apache.commons.math3>
		<m:properties__version.org.reflections>0.9.11</m:properties__version.org.reflections>
		<m:properties__version.org.jasypt.jasypt>1.9.2</m:properties__version.org.jasypt.jasypt>
		<m:properties__version.com.smartgwt.smartgwt-skins>2.4</m:properties__version.com.smartgwt.smartgwt-skins>
		<m:properties__version.release.plugin>2.5.3</m:properties__version.release.plugin>
		<m:properties__maven.compiler.argument.testTarget>${maven.compiler.testTarget}</m:properties__maven.compiler.argument.testTarget>
		<m:properties__version.org.eclipse.aether>1.1.0</m:properties__version.org.eclipse.aether>
		<m:properties__version.org.mozilla.rhino>1.7R4</m:properties__version.org.mozilla.rhino>
		<m:properties__version.findbugs.plugin>3.0.5</m:properties__version.findbugs.plugin>
		<m:properties__version.org.jboss.arquillian>1.1.10.Final</m:properties__version.org.jboss.arquillian>
		<m:properties__version.xalan>2.7.1</m:properties__version.xalan>
		<m:properties__version.net.java.dev.glazedlists>1.8.0</m:properties__version.net.java.dev.glazedlists>
		<m:properties__version.xpp3>1.1.4c</m:properties__version.xpp3>
		<m:properties__version.sonar.plugin>3.3.0.603</m:properties__version.sonar.plugin>
		<m:properties__version.jar.plugin>3.0.2</m:properties__version.jar.plugin>
		<m:properties__maven.compiler.argument.target>${maven.compiler.target}</m:properties__maven.compiler.argument.target>
		<m:properties__version.org.hibernate.commons.annotations>5.0.1.Final</m:properties__version.org.hibernate.commons.annotations>
		<m:properties__version.net.sf.saxon>9.5.1-5</m:properties__version.net.sf.saxon>
		<m:properties__version.mc4j>1.3</m:properties__version.mc4j>
		<m:properties__version.org.mongodb.mongo-java-driver>2.7.3</m:properties__version.org.mongodb.mongo-java-driver>
		<m:properties__version.commons-pool>1.6</m:properties__version.commons-pool>
		<m:properties__version.org.sonatype.aether>1.13.1</m:properties__version.org.sonatype.aether>
		<m:properties__version.help.plugin>2.2</m:properties__version.help.plugin>
		<m:properties__version.org.jboss.marshalling>2.0.2.Final</m:properties__version.org.jboss.marshalling>
		<m:properties__version.org.apache.lucene.regex>3.0.3</m:properties__version.org.apache.lucene.regex>
		<m:properties__version.io.undertow>1.4.18.Final</m:properties__version.io.undertow>
		<m:properties__version.aopalliance>1.0</m:properties__version.aopalliance>
		<m:properties__version.com.google.protobuf>2.6.0</m:properties__version.com.google.protobuf>
		<m:properties__version.xml-resolver>1.2</m:properties__version.xml-resolver>
		<m:properties__version.org.jboss.remote-naming>2.0.5.Final</m:properties__version.org.jboss.remote-naming>
		<m:properties__version.rome>1.0</m:properties__version.rome>
		<m:properties__version.log4j>1.2.17</m:properties__version.log4j>
		<m:properties__version.jdepend.plugin>2.0</m:properties__version.jdepend.plugin>
		<m:properties__version.org.jvnet.mock-javamail>1.9</m:properties__version.org.jvnet.mock-javamail>
		<m:properties__version.ca.uhn.hapi>2.1</m:properties__version.ca.uhn.hapi>
		<m:properties__version.org.apache.ws.security.wss4j>1.6.19</m:properties__version.org.apache.ws.security.wss4j>
		<m:properties__version.plugin.plugin>3.5</m:properties__version.plugin.plugin>
		<m:properties__jboss.snapshots.repo.url>https://repository.jboss.org/nexus/content/repositories/snapshots/</m:properties__jboss.snapshots.repo.url>
		<m:properties__version.com.beust.jcommander>1.5</m:properties__version.com.beust.jcommander>
		<m:properties__version.dom4j>1.6.1</m:properties__version.dom4j>
		<m:properties__version.org.jboss.ws.spi>3.1.4.Final</m:properties__version.org.jboss.ws.spi>
		<m:properties__version.junit>4.12</m:properties__version.junit>
		<m:properties__version.clover.plugin>4.1.2</m:properties__version.clover.plugin>
		<m:properties__version.com.h2database>1.3.173</m:properties__version.com.h2database>
		<m:properties__version.xmlpull>1.1.3.1</m:properties__version.xmlpull>
		<m:properties__version.com.google.code.gin>1.0</m:properties__version.com.google.code.gin>
		<m:properties__version.org.keycloak>1.9.4.Final</m:properties__version.org.keycloak>
		<m:properties__version.net.sf.opencsv>2.3</m:properties__version.net.sf.opencsv>
		<m:properties__version.com.sun.codemodel>2.6</m:properties__version.com.sun.codemodel>
		<m:properties__version.joda-time>2.9.7</m:properties__version.joda-time>
		<m:properties__version.surefire.plugin>2.20.1</m:properties__version.surefire.plugin>
		<m:properties__version.net.sf.dozer>5.4.0</m:properties__version.net.sf.dozer>
		<m:properties__version.failsafe.plugin>${version.surefire.plugin}</m:properties__version.failsafe.plugin>
		<m:properties__version.org.jboss.solder>3.2.1.Final</m:properties__version.org.jboss.solder>
		<m:properties__version.org.jdom>1.1.3</m:properties__version.org.jdom>
		<m:properties__project.build.sourceEncoding>UTF-8</m:properties__project.build.sourceEncoding>
		<m:properties__version.install.plugin>2.5.2</m:properties__version.install.plugin>
		<m:properties__version.org.apache.helix>0.6.5</m:properties__version.org.apache.helix>
		<m:properties__version.org.apache.commons.math>2.1</m:properties__version.org.apache.commons.math>
		<m:properties__version.org.infinispan>8.1.8.Final</m:properties__version.org.infinispan>
		<m:properties__illegaltransitivereportonly>false</m:properties__illegaltransitivereportonly>
		<m:properties__version.org.apache.commons.compress>1.12</m:properties__version.org.apache.commons.compress>
		<m:properties__version.org.wildfly.core>3.0.10.Final</m:properties__version.org.wildfly.core>
		<m:properties__version.org.jboss.spec.javax.xml.ws.jboss-jaxws-api_2.2_spec>2.0.4.Final</m:properties__version.org.jboss.spec.javax.xml.ws.jboss-jaxws-api_2.2_spec>
		<m:properties__version.org.rhq>4.8.0</m:properties__version.org.rhq>
		<m:properties__version.org.eclipse.emf.ecore.xmi>2.5.0.v20100521-1846</m:properties__version.org.eclipse.emf.ecore.xmi>
		<m:properties__version.commons-digester>1.8</m:properties__version.commons-digester>
		<m:properties__version.commons-logging>1.1.1</m:properties__version.commons-logging>
		<m:properties__version.com.thoughtworks.xstream>1.4.10</m:properties__version.com.thoughtworks.xstream>
		<m:properties__version.org.apache.ant>1.8.4</m:properties__version.org.apache.ant>
		<m:properties__version.org.jfree.jcommon>1.0.23</m:properties__version.org.jfree.jcommon>
	</info>
	<configurations>
		<conf name="default" visibility="public" description="runtime dependencies and master artifact can be used with this conf" extends="runtime,master"/>
		<conf name="master" visibility="public" description="contains only the artifact published by this module itself, with no transitive dependencies"/>
		<conf name="compile" visibility="public" description="this is the default scope, used if none is specified. Compile dependencies are available in all classpaths."/>
		<conf name="provided" visibility="public" description="this is much like compile, but indicates you expect the JDK or a container to provide it. It is only available on the compilation classpath, and is not transitive."/>
		<conf name="runtime" visibility="public" description="this scope indicates that the dependency is not required for compilation, but is for execution. It is in the runtime and test classpaths, but not the compile classpath." extends="compile"/>
		<conf name="test" visibility="private" description="this scope indicates that the dependency is not required for normal use of the application, and is only available for the test compilation and execution phases." extends="runtime"/>
		<conf name="system" visibility="public" description="this scope is similar to provided except that you have to provide the JAR which contains it explicitly. The artifact is always available and is not looked up in a repository."/>
		<conf name="sources" visibility="public" description="this configuration contains the source artifact of this module, if any."/>
		<conf name="javadoc" visibility="public" description="this configuration contains the javadoc artifact of this module, if any."/>
		<conf name="optional" visibility="public" description="contains all optional dependencies"/>
	</configurations>
	<publications>
	</publications>
</ivy-module>
