<?xml version="1.0" encoding="UTF-8"?>
<ivy-module version="1.0" xmlns:m="http://ant.apache.org/ivy/maven">
	<info organisation="xpp3"
		module="xpp3_min"
		revision="1.1.4c"
		status="release"
		publication="20071201143642"
	>
		<license name="Indiana University Extreme! Lab Software License, vesion 1.1.1" url="http://www.extreme.indiana.edu/viewcvs/~checkout~/XPP3/java/LICENSE.txt" />
		<license name="Public Domain" url="http://creativecommons.org/licenses/publicdomain" />
		<description homepage="http://www.extreme.indiana.edu/xgws/xsoap/xpp/mxp1/">
		MXP1 is a stable XmlPull parsing engine that is based on ideas from XPP and in particular XPP2 but completely revised and rewritten to take the best advantage of latest JIT JVMs such as Hotspot in JDK 1.4+.
		</description>
	</info>
	<configurations>
		<conf name="default" visibility="public" description="runtime dependencies and master artifact can be used with this conf" extends="runtime,master"/>
		<conf name="master" visibility="public" description="contains only the artifact published by this module itself, with no transitive dependencies"/>
		<conf name="compile" visibility="public" description="this is the default scope, used if none is specified. Compile dependencies are available in all classpaths."/>
		<conf name="provided" visibility="public" description="this is much like compile, but indicates you expect the JDK or a container to provide it. It is only available on the compilation classpath, and is not transitive."/>
		<conf name="runtime" visibility="public" description="this scope indicates that the dependency is not required for compilation, but is for execution. It is in the runtime and test classpaths, but not the compile classpath." extends="compile"/>
		<conf name="test" visibility="private" description="this scope indicates that the dependency is not required for normal use of the application, and is only available for the test compilation and execution phases." extends="runtime"/>
		<conf name="system" visibility="public" description="this scope is similar to provided except that you have to provide the JAR which contains it explicitly. The artifact is always available and is not looked up in a repository."/>
		<conf name="sources" visibility="public" description="this configuration contains the source artifact of this module, if any."/>
		<conf name="javadoc" visibility="public" description="this configuration contains the javadoc artifact of this module, if any."/>
		<conf name="optional" visibility="public" description="contains all optional dependencies"/>
	</configurations>
	<publications>
		<artifact name="xpp3_min" type="jar" ext="jar" conf="master"/>
		<artifact name="xpp3_min" type="source" ext="jar" conf="sources" m:classifier="sources"/>
		<artifact name="xpp3_min" type="javadoc" ext="jar" conf="javadoc" m:classifier="javadoc"/>
	</publications>
</ivy-module>
