<?xml version="1.0" encoding="UTF-8"?>
<ivy-module version="1.0" xmlns:m="http://ant.apache.org/ivy/maven">
	<info organisation="org.mvel"
		module="mvel2"
		revision="2.4.0.Final"
		status="release"
		publication="20171027142611"
	>
		<license name="The Apache Software License, Version 2.0" url="http://www.apache.org/licenses/LICENSE-2.0.txt" />
		<description homepage="http://mvel.codehaus.org/">
		MVEL is a powerful expression language for Java-based applications.
        It provides a plethora of features and is suited for everything
        from the smallest property binding and extraction, to full blown scripts.
		</description>
		<m:properties__project.build.sourceEncoding>UTF-8</m:properties__project.build.sourceEncoding>
		<m:maven.plugins>null__maven-enforcer-plugin__1.0|org.apache.maven.plugins__maven-compiler-plugin__2.3.2|org.apache.maven.plugins__maven-jar-plugin__2.3.1|org.apache.maven.plugins__maven-source-plugin__2.1.2|org.apache.maven.plugins__maven-surefire-plugin__2.18.1|org.apache.maven.plugins__maven-release-plugin__2.5.1|org.apache.felix__maven-bundle-plugin__2.3.7</m:maven.plugins>
	</info>
	<configurations>
		<conf name="default" visibility="public" description="runtime dependencies and master artifact can be used with this conf" extends="runtime,master"/>
		<conf name="master" visibility="public" description="contains only the artifact published by this module itself, with no transitive dependencies"/>
		<conf name="compile" visibility="public" description="this is the default scope, used if none is specified. Compile dependencies are available in all classpaths."/>
		<conf name="provided" visibility="public" description="this is much like compile, but indicates you expect the JDK or a container to provide it. It is only available on the compilation classpath, and is not transitive."/>
		<conf name="runtime" visibility="public" description="this scope indicates that the dependency is not required for compilation, but is for execution. It is in the runtime and test classpaths, but not the compile classpath." extends="compile"/>
		<conf name="test" visibility="private" description="this scope indicates that the dependency is not required for normal use of the application, and is only available for the test compilation and execution phases." extends="runtime"/>
		<conf name="system" visibility="public" description="this scope is similar to provided except that you have to provide the JAR which contains it explicitly. The artifact is always available and is not looked up in a repository."/>
		<conf name="sources" visibility="public" description="this configuration contains the source artifact of this module, if any."/>
		<conf name="javadoc" visibility="public" description="this configuration contains the javadoc artifact of this module, if any."/>
		<conf name="optional" visibility="public" description="contains all optional dependencies"/>
	</configurations>
	<publications>
		<artifact name="mvel2" type="jar" ext="jar" conf="master"/>
		<artifact name="mvel2" type="source" ext="jar" conf="sources" m:classifier="sources"/>
		<artifact name="mvel2" type="javadoc" ext="jar" conf="javadoc" m:classifier="javadoc"/>
	</publications>
	<dependencies>
		<dependency org="junit" name="junit" rev="4.8.2" force="true" conf="test->runtime(*),master(*)"/>
		<dependency org="com.thoughtworks.xstream" name="xstream" rev="1.3.1" force="true" conf="test->runtime(*),master(*)"/>
	</dependencies>
</ivy-module>
